-- phpMyAdmin SQL Dump
-- version 4.2.11
-- http://www.phpmyadmin.net
--
-- Servidor: 127.0.0.1
-- Tiempo de generación: 26-06-2015 a las 00:56:13
-- Versión del servidor: 5.6.21
-- Versión de PHP: 5.5.19

SET SQL_MODE = "NO_AUTO_VALUE_ON_ZERO";
SET time_zone = "+00:00";


/*!40101 SET @OLD_CHARACTER_SET_CLIENT=@@CHARACTER_SET_CLIENT */;
/*!40101 SET @OLD_CHARACTER_SET_RESULTS=@@CHARACTER_SET_RESULTS */;
/*!40101 SET @OLD_COLLATION_CONNECTION=@@COLLATION_CONNECTION */;
/*!40101 SET NAMES utf8 */;

--
-- Base de datos: `login_l4`
--

-- --------------------------------------------------------

--
-- Estructura de tabla para la tabla `ahorro`
--

CREATE TABLE IF NOT EXISTS `ahorro` (
`id` int(10) unsigned NOT NULL,
  `consecutivo` int(11) NOT NULL,
  `user_id` int(11) NOT NULL,
  `alcancia_id` int(11) NOT NULL,
  `moneda` varchar(100) COLLATE utf8_unicode_ci NOT NULL,
  `fecha_corta` varchar(100) COLLATE utf8_unicode_ci NOT NULL,
  `fecha` varchar(150) COLLATE utf8_unicode_ci NOT NULL,
  `created_at` timestamp NOT NULL DEFAULT '0000-00-00 00:00:00',
  `updated_at` timestamp NOT NULL DEFAULT '0000-00-00 00:00:00'
) ENGINE=InnoDB AUTO_INCREMENT=470 DEFAULT CHARSET=utf8 COLLATE=utf8_unicode_ci;

--
-- Volcado de datos para la tabla `ahorro`
--

INSERT INTO `ahorro` (`id`, `consecutivo`, `user_id`, `alcancia_id`, `moneda`, `fecha_corta`, `fecha`, `created_at`, `updated_at`) VALUES
(1, 1, 2, 1, '100', '12 de junio - 16:07', 'viernes, 12 de junio de 2015, Hora 16:07', '2015-06-12 21:07:36', '2015-06-12 21:07:36'),
(2, 1, 2, 1, '200', '12 de junio - 16:07', 'viernes, 12 de junio de 2015, Hora 16:07', '2015-06-12 21:07:36', '2015-06-12 21:07:36'),
(3, 1, 2, 1, '200', '12 de junio - 16:07', 'viernes, 12 de junio de 2015, Hora 16:07', '2015-06-12 21:07:38', '2015-06-12 21:07:38'),
(4, 1, 2, 1, '100', '12 de junio - 16:07', 'viernes, 12 de junio de 2015, Hora 16:07', '2015-06-12 21:07:38', '2015-06-12 21:07:38'),
(5, 1, 2, 1, '100', '12 de junio - 16:07', 'viernes, 12 de junio de 2015, Hora 16:07', '2015-06-12 21:07:40', '2015-06-12 21:07:40'),
(6, 2, 2, 1, '200', '12 de junio - 16:08', 'viernes, 12 de junio de 2015, Hora 16:08', '2015-06-12 21:08:14', '2015-06-12 21:08:14'),
(7, 2, 2, 1, '100', '12 de junio - 16:08', 'viernes, 12 de junio de 2015, Hora 16:08', '2015-06-12 21:08:15', '2015-06-12 21:08:15'),
(8, 3, 2, 1, '100', '12 de junio - 17:03', 'viernes, 12 de junio de 2015, Hora 17:03', '2015-06-15 22:03:44', '2015-06-12 22:03:44'),
(9, 3, 2, 1, '1000', '12 de junio - 17:03', 'viernes, 12 de junio de 2015, Hora 17:03', '2015-06-15 22:03:54', '2015-06-12 22:03:54'),
(10, 4, 2, 1, '100', '12 de junio - 17:40', 'viernes, 12 de junio de 2015, Hora 17:40', '2015-06-12 22:40:33', '2015-06-12 22:40:33'),
(11, 4, 2, 1, '200', '12 de junio - 17:40', 'viernes, 12 de junio de 2015, Hora 17:40', '2015-06-12 22:40:34', '2015-06-12 22:40:34'),
(12, 4, 2, 1, '100', '12 de junio - 17:40', 'viernes, 12 de junio de 2015, Hora 17:40', '2015-06-12 22:40:38', '2015-06-12 22:40:38'),
(13, 4, 2, 1, '100', '12 de junio - 17:40', 'viernes, 12 de junio de 2015, Hora 17:40', '2015-06-12 22:40:40', '2015-06-12 22:40:40'),
(14, 4, 2, 1, '200', '12 de junio - 17:40', 'viernes, 12 de junio de 2015, Hora 17:40', '2015-06-12 22:40:41', '2015-06-12 22:40:41'),
(15, 4, 2, 1, '100', '12 de junio - 17:40', 'viernes, 12 de junio de 2015, Hora 17:40', '2015-06-12 22:40:42', '2015-06-12 22:40:42'),
(16, 4, 2, 1, '100', '12 de junio - 17:40', 'viernes, 12 de junio de 2015, Hora 17:40', '2015-06-12 22:40:45', '2015-06-12 22:40:45'),
(17, 4, 2, 1, '100', '12 de junio - 17:40', 'viernes, 12 de junio de 2015, Hora 17:40', '2015-06-12 22:40:45', '2015-06-12 22:40:45'),
(18, 4, 2, 1, '200', '12 de junio - 17:40', 'viernes, 12 de junio de 2015, Hora 17:40', '2015-06-12 22:40:47', '2015-06-12 22:40:47'),
(19, 4, 2, 1, '100', '12 de junio - 17:40', 'viernes, 12 de junio de 2015, Hora 17:40', '2015-06-12 22:40:48', '2015-06-12 22:40:48'),
(20, 4, 2, 1, '100', '12 de junio - 17:40', 'viernes, 12 de junio de 2015, Hora 17:40', '2015-06-12 22:40:49', '2015-06-12 22:40:49'),
(21, 4, 2, 1, '200', '12 de junio - 17:40', 'viernes, 12 de junio de 2015, Hora 17:40', '2015-06-12 22:40:50', '2015-06-12 22:40:50'),
(22, 4, 2, 1, '100', '12 de junio - 17:40', 'viernes, 12 de junio de 2015, Hora 17:40', '2015-06-12 22:40:51', '2015-06-12 22:40:51'),
(23, 4, 2, 1, '100', '12 de junio - 17:40', 'viernes, 12 de junio de 2015, Hora 17:40', '2015-06-12 22:40:54', '2015-06-12 22:40:54'),
(24, 4, 2, 1, '1000', '12 de junio - 17:40', 'viernes, 12 de junio de 2015, Hora 17:40', '2015-06-12 22:40:55', '2015-06-12 22:40:55'),
(25, 4, 2, 1, '100', '12 de junio - 17:40', 'viernes, 12 de junio de 2015, Hora 17:40', '2015-06-12 22:40:56', '2015-06-12 22:40:56'),
(26, 4, 2, 1, '100', '12 de junio - 17:40', 'viernes, 12 de junio de 2015, Hora 17:40', '2015-06-12 22:40:57', '2015-06-12 22:40:57'),
(27, 4, 2, 1, '100', '12 de junio - 17:40', 'viernes, 12 de junio de 2015, Hora 17:40', '2015-06-12 22:40:59', '2015-06-12 22:40:59'),
(28, 4, 2, 1, '100', '12 de junio - 17:41', 'viernes, 12 de junio de 2015, Hora 17:41', '2015-06-12 22:41:02', '2015-06-12 22:41:02'),
(29, 4, 2, 1, '100', '12 de junio - 17:41', 'viernes, 12 de junio de 2015, Hora 17:41', '2015-06-12 22:41:03', '2015-06-12 22:41:03'),
(30, 4, 2, 1, '200', '12 de junio - 17:41', 'viernes, 12 de junio de 2015, Hora 17:41', '2015-06-12 22:41:05', '2015-06-12 22:41:05'),
(31, 4, 2, 1, '100', '12 de junio - 17:41', 'viernes, 12 de junio de 2015, Hora 17:41', '2015-06-12 22:41:07', '2015-06-12 22:41:07'),
(32, 4, 2, 1, '200', '12 de junio - 17:41', 'viernes, 12 de junio de 2015, Hora 17:41', '2015-06-12 22:41:09', '2015-06-12 22:41:09'),
(33, 4, 2, 1, '200', '12 de junio - 17:41', 'viernes, 12 de junio de 2015, Hora 17:41', '2015-06-12 22:41:10', '2015-06-12 22:41:10'),
(34, 4, 2, 1, '200', '12 de junio - 17:41', 'viernes, 12 de junio de 2015, Hora 17:41', '2015-06-12 22:41:11', '2015-06-12 22:41:11'),
(35, 4, 2, 1, '100', '12 de junio - 17:41', 'viernes, 12 de junio de 2015, Hora 17:41', '2015-06-12 22:41:13', '2015-06-12 22:41:13'),
(36, 4, 2, 1, '200', '16 de junio - 09:26', 'martes, 16 de junio de 2015, Hora 09:26', '2015-06-16 14:26:32', '2015-06-16 14:26:32'),
(37, 4, 2, 1, '100', '16 de junio - 09:26', 'martes, 16 de junio de 2015, Hora 09:26', '2015-06-16 14:26:39', '2015-06-16 14:26:39'),
(38, 5, 2, 1, '100', '16 de junio - 09:28', 'martes, 16 de junio de 2015, Hora 09:28', '2015-06-16 14:28:16', '2015-06-16 14:28:16'),
(39, 5, 2, 1, '200', '16 de junio - 09:28', 'martes, 16 de junio de 2015, Hora 09:28', '2015-06-16 14:28:27', '2015-06-16 14:28:27'),
(40, 5, 2, 1, '100', '16 de junio - 09:28', 'martes, 16 de junio de 2015, Hora 09:28', '2015-06-16 14:28:36', '2015-06-16 14:28:36'),
(41, 5, 2, 1, '100', '16 de junio - 09:28', 'martes, 16 de junio de 2015, Hora 09:28', '2015-06-16 14:28:37', '2015-06-16 14:28:37'),
(42, 6, 2, 1, '100', '16 de junio - 10:14', 'martes, 16 de junio de 2015, Hora 10:14', '2015-05-13 15:14:14', '2015-06-16 15:14:14'),
(43, 6, 2, 1, '100', '16 de junio - 11:59', 'martes, 16 de junio de 2015, Hora 11:59', '2015-06-16 16:59:32', '2015-06-16 16:59:32'),
(44, 6, 2, 1, '200', '16 de junio - 11:59', 'martes, 16 de junio de 2015, Hora 11:59', '2015-06-16 16:59:35', '2015-06-16 16:59:35'),
(45, 6, 2, 1, '200', '16 de junio - 11:59', 'martes, 16 de junio de 2015, Hora 11:59', '2015-06-16 16:59:36', '2015-06-16 16:59:36'),
(46, 7, 2, 1, '100', '16 de junio - 12:01', 'martes, 16 de junio de 2015, Hora 12:01', '2015-06-16 17:01:08', '2015-06-16 17:01:08'),
(47, 7, 2, 1, '100', '16 de junio - 12:01', 'martes, 16 de junio de 2015, Hora 12:01', '2015-06-16 17:01:10', '2015-06-16 17:01:10'),
(48, 8, 2, 1, '100', '16 de junio - 12:18', 'martes, 16 de junio de 2015, Hora 12:18', '2015-06-16 17:18:55', '2015-06-16 17:18:55'),
(49, 8, 2, 1, '200', '16 de junio - 12:18', 'martes, 16 de junio de 2015, Hora 12:18', '2015-06-16 17:18:58', '2015-06-16 17:18:58'),
(50, 8, 2, 1, '100', '16 de junio - 12:18', 'martes, 16 de junio de 2015, Hora 12:18', '2015-06-16 17:18:59', '2015-06-16 17:18:59'),
(51, 8, 2, 1, '100', '16 de junio - 12:19', 'martes, 16 de junio de 2015, Hora 12:19', '2015-06-16 17:19:01', '2015-06-16 17:19:01'),
(52, 8, 2, 1, '200', '16 de junio - 12:19', 'martes, 16 de junio de 2015, Hora 12:19', '2015-06-16 17:19:02', '2015-06-16 17:19:02'),
(53, 9, 2, 1, '100', '16 de junio - 12:20', 'martes, 16 de junio de 2015, Hora 12:20', '2015-06-16 17:20:43', '2015-06-16 17:20:43'),
(54, 9, 2, 1, '100', '16 de junio - 12:20', 'martes, 16 de junio de 2015, Hora 12:20', '2015-06-16 17:20:47', '2015-06-16 17:20:47'),
(55, 9, 2, 1, '100', '16 de junio - 12:20', 'martes, 16 de junio de 2015, Hora 12:20', '2015-06-16 17:20:50', '2015-06-16 17:20:50'),
(56, 9, 2, 1, '200', '16 de junio - 12:20', 'martes, 16 de junio de 2015, Hora 12:20', '2015-06-16 17:20:53', '2015-06-16 17:20:53'),
(57, 10, 2, 1, '100', '16 de junio - 12:26', 'martes, 16 de junio de 2015, Hora 12:26', '2015-06-16 17:26:43', '2015-06-16 17:26:43'),
(58, 10, 2, 1, '100', '16 de junio - 12:26', 'martes, 16 de junio de 2015, Hora 12:26', '2015-06-16 17:26:49', '2015-06-16 17:26:49'),
(59, 11, 2, 1, '200', '16 de junio - 12:31', 'martes, 16 de junio de 2015, Hora 12:31', '2015-06-16 17:31:14', '2015-06-16 17:31:14'),
(60, 11, 2, 1, '100', '16 de junio - 12:31', 'martes, 16 de junio de 2015, Hora 12:31', '2015-06-16 17:31:19', '2015-06-16 17:31:19'),
(61, 12, 2, 1, '100', '16 de junio - 12:33', 'martes, 16 de junio de 2015, Hora 12:33', '2015-06-16 17:33:25', '2015-06-16 17:33:25'),
(62, 12, 2, 1, '100', '16 de junio - 12:33', 'martes, 16 de junio de 2015, Hora 12:33', '2015-06-16 17:33:32', '2015-06-16 17:33:32'),
(63, 12, 2, 1, '100', '16 de junio - 12:33', 'martes, 16 de junio de 2015, Hora 12:33', '2015-06-16 17:33:38', '2015-06-16 17:33:38'),
(64, 13, 2, 1, '200', '16 de junio - 12:34', 'martes, 16 de junio de 2015, Hora 12:34', '2015-06-16 17:34:57', '2015-06-16 17:34:57'),
(65, 13, 2, 1, '100', '16 de junio - 12:35', 'martes, 16 de junio de 2015, Hora 12:35', '2015-06-16 17:35:03', '2015-06-16 17:35:03'),
(66, 14, 2, 1, '200', '16 de junio - 12:38', 'martes, 16 de junio de 2015, Hora 12:38', '2015-06-16 17:38:28', '2015-06-16 17:38:28'),
(67, 14, 2, 1, '200', '16 de junio - 12:38', 'martes, 16 de junio de 2015, Hora 12:38', '2015-06-16 17:38:37', '2015-06-16 17:38:37'),
(68, 14, 2, 1, '100', '16 de junio - 12:38', 'martes, 16 de junio de 2015, Hora 12:38', '2015-06-16 17:38:38', '2015-06-16 17:38:38'),
(69, 14, 2, 1, '200', '16 de junio - 12:38', 'martes, 16 de junio de 2015, Hora 12:38', '2015-06-16 17:38:39', '2015-06-16 17:38:39'),
(70, 14, 2, 1, '100', '16 de junio - 12:38', 'martes, 16 de junio de 2015, Hora 12:38', '2015-06-16 17:38:41', '2015-06-16 17:38:41'),
(71, 15, 2, 1, '200', '16 de junio - 12:45', 'martes, 16 de junio de 2015, Hora 12:45', '2015-06-16 17:45:06', '2015-06-16 17:45:06'),
(72, 15, 2, 1, '200', '16 de junio - 12:45', 'martes, 16 de junio de 2015, Hora 12:45', '2015-06-16 17:45:13', '2015-06-16 17:45:13'),
(73, 15, 2, 1, '100', '16 de junio - 12:45', 'martes, 16 de junio de 2015, Hora 12:45', '2015-06-16 17:45:23', '2015-06-16 17:45:23'),
(74, 15, 2, 1, '100', '16 de junio - 12:45', 'martes, 16 de junio de 2015, Hora 12:45', '2015-06-16 17:45:24', '2015-06-16 17:45:24'),
(75, 16, 2, 1, '1000', '16 de junio - 14:09', 'martes, 16 de junio de 2015, Hora 14:09', '2015-06-16 19:09:10', '2015-06-16 19:09:10'),
(76, 16, 2, 1, '100', '16 de junio - 14:09', 'martes, 16 de junio de 2015, Hora 14:09', '2015-06-16 19:09:12', '2015-06-16 19:09:12'),
(77, 16, 2, 1, '200', '16 de junio - 14:09', 'martes, 16 de junio de 2015, Hora 14:09', '2015-06-16 19:09:13', '2015-06-16 19:09:13'),
(78, 16, 2, 1, '100', '16 de junio - 14:09', 'martes, 16 de junio de 2015, Hora 14:09', '2015-06-16 19:09:16', '2015-06-16 19:09:16'),
(79, 16, 2, 1, '200', '16 de junio - 14:09', 'martes, 16 de junio de 2015, Hora 14:09', '2015-06-16 19:09:17', '2015-06-16 19:09:17'),
(80, 16, 2, 1, '200', '16 de junio - 14:09', 'martes, 16 de junio de 2015, Hora 14:09', '2015-06-16 19:09:19', '2015-06-16 19:09:19'),
(81, 16, 2, 1, '100', '16 de junio - 14:09', 'martes, 16 de junio de 2015, Hora 14:09', '2015-06-16 19:09:21', '2015-06-16 19:09:21'),
(82, 17, 2, 1, '200', '16 de junio - 14:44', 'martes, 16 de junio de 2015, Hora 14:44', '2015-06-16 19:44:38', '2015-06-16 19:44:38'),
(83, 17, 2, 1, '200', '16 de junio - 14:44', 'martes, 16 de junio de 2015, Hora 14:44', '2015-06-16 19:44:40', '2015-06-16 19:44:40'),
(84, 17, 2, 1, '200', '16 de junio - 14:44', 'martes, 16 de junio de 2015, Hora 14:44', '2015-06-16 19:44:40', '2015-06-16 19:44:40'),
(85, 18, 2, 1, '200', '16 de junio - 14:50', 'martes, 16 de junio de 2015, Hora 14:50', '2015-06-16 19:50:20', '2015-06-16 19:50:20'),
(86, 19, 2, 1, '100', '16 de junio - 16:34', 'martes, 16 de junio de 2015, Hora 16:34', '2015-06-16 21:34:16', '2015-06-16 21:34:16'),
(87, 19, 2, 1, '200', '16 de junio - 16:34', 'martes, 16 de junio de 2015, Hora 16:34', '2015-06-16 21:34:17', '2015-06-16 21:34:17'),
(88, 19, 2, 1, '100', '16 de junio - 16:34', 'martes, 16 de junio de 2015, Hora 16:34', '2015-06-16 21:34:24', '2015-06-16 21:34:24'),
(89, 19, 2, 1, '100', '16 de junio - 16:34', 'martes, 16 de junio de 2015, Hora 16:34', '2015-06-16 21:34:25', '2015-06-16 21:34:25'),
(90, 19, 2, 1, '1000', '16 de junio - 16:34', 'martes, 16 de junio de 2015, Hora 16:34', '2015-06-16 21:34:30', '2015-06-16 21:34:30'),
(91, 19, 2, 1, '100', '16 de junio - 16:34', 'martes, 16 de junio de 2015, Hora 16:34', '2015-06-16 21:34:36', '2015-06-16 21:34:36'),
(92, 19, 2, 1, '200', '16 de junio - 16:34', 'martes, 16 de junio de 2015, Hora 16:34', '2015-06-16 21:34:38', '2015-06-16 21:34:38'),
(93, 20, 2, 1, '200', '16 de junio - 16:42', 'martes, 16 de junio de 2015, Hora 16:42', '2015-06-16 21:42:50', '2015-06-16 21:42:50'),
(94, 20, 2, 1, '100', '16 de junio - 16:42', 'martes, 16 de junio de 2015, Hora 16:42', '2015-06-16 21:42:53', '2015-06-16 21:42:53'),
(95, 20, 2, 1, '200', '16 de junio - 16:42', 'martes, 16 de junio de 2015, Hora 16:42', '2015-06-16 21:42:54', '2015-06-16 21:42:54'),
(96, 21, 2, 1, '100', '16 de junio - 17:56', 'martes, 16 de junio de 2015, Hora 17:56', '2015-06-16 22:56:16', '2015-06-16 22:56:16'),
(97, 21, 2, 1, '100', '16 de junio - 17:56', 'martes, 16 de junio de 2015, Hora 17:56', '2015-06-16 22:56:19', '2015-06-16 22:56:19'),
(98, 21, 2, 1, '100', '16 de junio - 17:56', 'martes, 16 de junio de 2015, Hora 17:56', '2015-06-16 22:56:20', '2015-06-16 22:56:20'),
(99, 21, 2, 1, '200', '16 de junio - 17:56', 'martes, 16 de junio de 2015, Hora 17:56', '2015-06-16 22:56:23', '2015-06-16 22:56:23'),
(100, 21, 2, 1, '100', '16 de junio - 17:56', 'martes, 16 de junio de 2015, Hora 17:56', '2015-06-16 22:56:25', '2015-06-16 22:56:25'),
(101, 21, 2, 1, '200', '16 de junio - 17:56', 'martes, 16 de junio de 2015, Hora 17:56', '2015-06-16 22:56:26', '2015-06-16 22:56:26'),
(102, 21, 2, 1, '100', '16 de junio - 17:56', 'martes, 16 de junio de 2015, Hora 17:56', '2015-06-16 22:56:27', '2015-06-16 22:56:27'),
(103, 21, 2, 1, '100', '16 de junio - 17:56', 'martes, 16 de junio de 2015, Hora 17:56', '2015-06-16 22:56:28', '2015-06-16 22:56:28'),
(104, 21, 2, 1, '100', '16 de junio - 17:56', 'martes, 16 de junio de 2015, Hora 17:56', '2015-06-16 22:56:29', '2015-06-16 22:56:29'),
(105, 21, 2, 1, '100', '16 de junio - 17:56', 'martes, 16 de junio de 2015, Hora 17:56', '2015-06-16 22:56:31', '2015-06-16 22:56:31'),
(106, 21, 2, 1, '200', '16 de junio - 17:56', 'martes, 16 de junio de 2015, Hora 17:56', '2015-06-16 22:56:32', '2015-06-16 22:56:32'),
(107, 21, 2, 1, '100', '16 de junio - 17:56', 'martes, 16 de junio de 2015, Hora 17:56', '2015-06-16 22:56:33', '2015-06-16 22:56:33'),
(108, 21, 2, 1, '200', '16 de junio - 17:56', 'martes, 16 de junio de 2015, Hora 17:56', '2015-06-16 22:56:34', '2015-06-16 22:56:34'),
(109, 21, 2, 1, '100', '16 de junio - 17:56', 'martes, 16 de junio de 2015, Hora 17:56', '2015-06-16 22:56:35', '2015-06-16 22:56:35'),
(110, 21, 2, 1, '100', '16 de junio - 17:56', 'martes, 16 de junio de 2015, Hora 17:56', '2015-06-16 22:56:37', '2015-06-16 22:56:37'),
(111, 21, 2, 1, '200', '16 de junio - 17:56', 'martes, 16 de junio de 2015, Hora 17:56', '2015-06-16 22:56:38', '2015-06-16 22:56:38'),
(112, 21, 2, 1, '200', '16 de junio - 17:56', 'martes, 16 de junio de 2015, Hora 17:56', '2015-06-16 22:56:38', '2015-06-16 22:56:38'),
(113, 21, 2, 1, '100', '16 de junio - 17:56', 'martes, 16 de junio de 2015, Hora 17:56', '2015-06-16 22:56:39', '2015-06-16 22:56:39'),
(114, 21, 2, 1, '1000', '16 de junio - 17:56', 'martes, 16 de junio de 2015, Hora 17:56', '2015-06-16 22:56:41', '2015-06-16 22:56:41'),
(115, 21, 2, 1, '100', '16 de junio - 17:56', 'martes, 16 de junio de 2015, Hora 17:56', '2015-06-16 22:56:42', '2015-06-16 22:56:42'),
(116, 21, 2, 1, '100', '16 de junio - 17:56', 'martes, 16 de junio de 2015, Hora 17:56', '2015-06-16 22:56:43', '2015-06-16 22:56:43'),
(117, 21, 2, 1, '100', '16 de junio - 17:56', 'martes, 16 de junio de 2015, Hora 17:56', '2015-06-16 22:56:44', '2015-06-16 22:56:44'),
(118, 21, 2, 1, '100', '16 de junio - 17:56', 'martes, 16 de junio de 2015, Hora 17:56', '2015-06-16 22:56:45', '2015-06-16 22:56:45'),
(119, 21, 2, 1, '100', '16 de junio - 17:56', 'martes, 16 de junio de 2015, Hora 17:56', '2015-06-16 22:56:46', '2015-06-16 22:56:46'),
(120, 22, 2, 1, '100', '17 de junio - 09:58', 'mi', '2015-06-17 14:58:14', '2015-06-17 14:58:14'),
(121, 22, 2, 1, '100', '17 de junio - 09:58', 'mi', '2015-06-17 14:58:15', '2015-06-17 14:58:15'),
(122, 22, 2, 1, '100', '17 de junio - 09:58', 'mi', '2015-06-17 14:58:16', '2015-06-17 14:58:16'),
(123, 22, 2, 1, '200', '17 de junio - 09:58', 'mi', '2015-06-17 14:58:19', '2015-06-17 14:58:19'),
(124, 22, 2, 1, '200', '17 de junio - 09:58', 'mi', '2015-06-17 14:58:20', '2015-06-17 14:58:20'),
(125, 22, 2, 1, '200', '17 de junio - 09:58', 'mi', '2015-06-17 14:58:24', '2015-06-17 14:58:24'),
(136, 23, 2, 1, '100', '17 de junio - 12:41', 'miércoles, 17 de junio de 2015, Hora 12:41', '2015-06-17 17:41:21', '2015-06-17 17:41:21'),
(137, 23, 2, 1, '100', '17 de junio - 12:41', 'miércoles, 17 de junio de 2015, Hora 12:41', '2015-06-17 17:41:22', '2015-06-17 17:41:22'),
(138, 23, 2, 1, '200', '17 de junio - 12:41', 'miércoles, 17 de junio de 2015, Hora 12:41', '2015-06-17 17:41:23', '2015-06-17 17:41:23'),
(139, 23, 2, 1, '200', '17 de junio - 12:41', 'miércoles, 17 de junio de 2015, Hora 12:41', '2015-06-17 17:41:24', '2015-06-17 17:41:24'),
(140, 23, 2, 1, '200', '17 de junio - 12:41', 'miércoles, 17 de junio de 2015, Hora 12:41', '2015-06-17 17:41:25', '2015-06-17 17:41:25'),
(141, 24, 2, 1, '200', '17 de junio - 13:58', 'miércoles, 17 de junio de 2015, Hora 13:58', '2015-06-17 18:58:36', '2015-06-17 18:58:36'),
(142, 24, 2, 1, '200', '17 de junio - 13:58', 'miércoles, 17 de junio de 2015, Hora 13:58', '2015-06-17 18:58:42', '2015-06-17 18:58:42'),
(143, 25, 2, 1, '200', '17 de junio - 14:19', 'miércoles, 17 de junio de 2015, Hora 14:19', '2015-06-17 19:19:37', '2015-06-17 19:19:37'),
(144, 25, 2, 1, '200', '17 de junio - 14:19', 'miércoles, 17 de junio de 2015, Hora 14:19', '2015-06-17 19:19:40', '2015-06-17 19:19:40'),
(145, 25, 2, 1, '100', '17 de junio - 14:19', 'miércoles, 17 de junio de 2015, Hora 14:19', '2015-06-17 19:19:41', '2015-06-17 19:19:41'),
(146, 26, 2, 1, '200', '17 de junio - 14:48', 'miércoles, 17 de junio de 2015, Hora 14:48', '2015-06-17 19:48:51', '2015-06-17 19:48:51'),
(147, 26, 2, 1, '200', '17 de junio - 14:48', 'miércoles, 17 de junio de 2015, Hora 14:48', '2015-06-17 19:48:58', '2015-06-17 19:48:58'),
(148, 26, 2, 1, '100', '17 de junio - 14:49', 'miércoles, 17 de junio de 2015, Hora 14:49', '2015-06-17 19:49:08', '2015-06-17 19:49:08'),
(149, 26, 2, 1, '100', '17 de junio - 14:49', 'miércoles, 17 de junio de 2015, Hora 14:49', '2015-06-17 19:49:15', '2015-06-17 19:49:15'),
(150, 26, 2, 1, '1000', '17 de junio - 14:49', 'miércoles, 17 de junio de 2015, Hora 14:49', '2015-06-17 19:49:19', '2015-06-17 19:49:19'),
(151, 26, 2, 1, '100', '17 de junio - 14:49', 'miércoles, 17 de junio de 2015, Hora 14:49', '2015-06-17 19:49:23', '2015-06-17 19:49:23'),
(152, 27, 2, 1, '200', '17 de junio - 14:54', 'miércoles, 17 de junio de 2015, Hora 14:54', '2015-06-17 19:54:06', '2015-06-17 19:54:06'),
(153, 27, 2, 1, '100', '17 de junio - 14:54', 'miércoles, 17 de junio de 2015, Hora 14:54', '2015-06-17 19:54:09', '2015-06-17 19:54:09'),
(154, 27, 2, 1, '100', '17 de junio - 14:54', 'miércoles, 17 de junio de 2015, Hora 14:54', '2015-06-17 19:54:13', '2015-06-17 19:54:13'),
(155, 27, 2, 1, '200', '17 de junio - 14:54', 'miércoles, 17 de junio de 2015, Hora 14:54', '2015-06-17 19:54:17', '2015-06-17 19:54:17'),
(156, 27, 2, 1, '100', '17 de junio - 14:54', 'miércoles, 17 de junio de 2015, Hora 14:54', '2015-06-17 19:54:21', '2015-06-17 19:54:21'),
(157, 27, 2, 1, '200', '17 de junio - 14:54', 'miércoles, 17 de junio de 2015, Hora 14:54', '2015-06-17 19:54:25', '2015-06-17 19:54:25'),
(158, 27, 2, 1, '200', '17 de junio - 14:54', 'miércoles, 17 de junio de 2015, Hora 14:54', '2015-06-17 19:54:27', '2015-06-17 19:54:27'),
(159, 27, 2, 1, '200', '17 de junio - 14:54', 'miércoles, 17 de junio de 2015, Hora 14:54', '2015-06-17 19:54:32', '2015-06-17 19:54:32'),
(160, 27, 2, 1, '200', '17 de junio - 14:54', 'miércoles, 17 de junio de 2015, Hora 14:54', '2015-06-17 19:54:38', '2015-06-17 19:54:38'),
(161, 1, 49, 1, '200', '17 de junio - 15:02', 'miércoles, 17 de junio de 2015, Hora 15:02', '2015-06-17 20:02:06', '2015-06-17 20:02:06'),
(162, 1, 49, 1, '200', '17 de junio - 15:02', 'miércoles, 17 de junio de 2015, Hora 15:02', '2015-06-17 20:02:11', '2015-06-17 20:02:11'),
(163, 1, 49, 1, '100', '17 de junio - 15:02', 'miércoles, 17 de junio de 2015, Hora 15:02', '2015-06-17 20:02:12', '2015-06-17 20:02:12'),
(164, 1, 49, 1, '100', '17 de junio - 15:02', 'miércoles, 17 de junio de 2015, Hora 15:02', '2015-06-17 20:02:18', '2015-06-17 20:02:18'),
(165, 1, 49, 1, '200', '17 de junio - 15:02', 'miércoles, 17 de junio de 2015, Hora 15:02', '2015-06-17 20:02:19', '2015-06-17 20:02:19'),
(166, 1, 49, 1, '100', '17 de junio - 15:02', 'miércoles, 17 de junio de 2015, Hora 15:02', '2015-06-17 20:02:19', '2015-06-17 20:02:19'),
(167, 1, 49, 1, '200', '17 de junio - 15:02', 'miércoles, 17 de junio de 2015, Hora 15:02', '2015-06-17 20:02:27', '2015-06-17 20:02:27'),
(168, 1, 49, 1, '100', '17 de junio - 15:02', 'miércoles, 17 de junio de 2015, Hora 15:02', '2015-06-17 20:02:27', '2015-06-17 20:02:27'),
(169, 2, 49, 1, '100', '17 de junio - 15:04', 'miércoles, 17 de junio de 2015, Hora 15:04', '2015-06-17 20:04:21', '2015-06-17 20:04:21'),
(170, 2, 49, 1, '100', '17 de junio - 15:04', 'miércoles, 17 de junio de 2015, Hora 15:04', '2015-06-17 20:04:22', '2015-06-17 20:04:22'),
(171, 3, 49, 1, '200', '17 de junio - 15:26', 'miércoles, 17 de junio de 2015, Hora 15:26', '2015-06-17 20:26:51', '2015-06-17 20:26:51'),
(172, 3, 49, 1, '100', '17 de junio - 15:26', 'miércoles, 17 de junio de 2015, Hora 15:26', '2015-06-17 20:26:53', '2015-06-17 20:26:53'),
(173, 3, 49, 1, '200', '17 de junio - 15:26', 'miércoles, 17 de junio de 2015, Hora 15:26', '2015-06-17 20:26:55', '2015-06-17 20:26:55'),
(174, 3, 49, 1, '200', '17 de junio - 15:26', 'miércoles, 17 de junio de 2015, Hora 15:26', '2015-06-17 20:26:56', '2015-06-17 20:26:56'),
(175, 3, 49, 1, '200', '17 de junio - 15:26', 'miércoles, 17 de junio de 2015, Hora 15:26', '2015-06-17 20:26:56', '2015-06-17 20:26:56'),
(176, 28, 2, 1, '100', '18 de junio - 09:58', 'jueves, 18 de junio de 2015, Hora 09:58', '2015-06-18 14:58:34', '2015-06-18 14:58:34'),
(177, 28, 2, 1, '100', '18 de junio - 09:58', 'jueves, 18 de junio de 2015, Hora 09:58', '2015-06-18 14:58:36', '2015-06-18 14:58:36'),
(178, 28, 2, 1, '200', '18 de junio - 09:58', 'jueves, 18 de junio de 2015, Hora 09:58', '2015-06-18 14:58:37', '2015-06-18 14:58:37'),
(179, 29, 2, 1, '200', '18 de junio - 10:00', 'jueves, 18 de junio de 2015, Hora 10:00', '2015-06-18 15:00:23', '2015-06-18 15:00:23'),
(180, 29, 2, 1, '200', '18 de junio - 10:00', 'jueves, 18 de junio de 2015, Hora 10:00', '2015-06-18 15:00:24', '2015-06-18 15:00:24'),
(181, 29, 2, 1, '200', '18 de junio - 10:00', 'jueves, 18 de junio de 2015, Hora 10:00', '2015-06-18 15:00:25', '2015-06-18 15:00:25'),
(182, 30, 2, 1, '100', '18 de junio - 11:51', 'jueves, 18 de junio de 2015, Hora 11:51', '2015-06-18 16:51:47', '2015-06-18 16:51:47'),
(183, 30, 2, 1, '100', '18 de junio - 11:51', 'jueves, 18 de junio de 2015, Hora 11:51', '2015-06-18 16:51:49', '2015-06-18 16:51:49'),
(184, 30, 2, 1, '100', '18 de junio - 11:51', 'jueves, 18 de junio de 2015, Hora 11:51', '2015-06-18 16:51:50', '2015-06-18 16:51:50'),
(185, 30, 2, 1, '200', '18 de junio - 11:51', 'jueves, 18 de junio de 2015, Hora 11:51', '2015-06-18 16:51:53', '2015-06-18 16:51:53'),
(186, 31, 2, 1, '100', '18 de junio - 11:52', 'jueves, 18 de junio de 2015, Hora 11:52', '2015-06-18 16:52:13', '2015-06-18 16:52:13'),
(187, 31, 2, 1, '100', '18 de junio - 11:52', 'jueves, 18 de junio de 2015, Hora 11:52', '2015-06-18 16:52:14', '2015-06-18 16:52:14'),
(188, 31, 2, 1, '200', '18 de junio - 11:52', 'jueves, 18 de junio de 2015, Hora 11:52', '2015-06-18 16:52:14', '2015-06-18 16:52:14'),
(189, 32, 2, 1, '100', '18 de junio - 11:52', 'jueves, 18 de junio de 2015, Hora 11:52', '2015-06-18 16:52:36', '2015-06-18 16:52:36'),
(190, 32, 2, 1, '1000', '18 de junio - 11:52', 'jueves, 18 de junio de 2015, Hora 11:52', '2015-06-18 16:52:36', '2015-06-18 16:52:36'),
(191, 32, 2, 1, '100', '18 de junio - 11:52', 'jueves, 18 de junio de 2015, Hora 11:52', '2015-06-18 16:52:38', '2015-06-18 16:52:38'),
(192, 33, 2, 1, '100', '18 de junio - 11:53', 'jueves, 18 de junio de 2015, Hora 11:53', '2015-06-18 16:53:11', '2015-06-18 16:53:11'),
(193, 33, 2, 1, '200', '18 de junio - 11:53', 'jueves, 18 de junio de 2015, Hora 11:53', '2015-06-18 16:53:12', '2015-06-18 16:53:12'),
(194, 34, 2, 1, '200', '18 de junio - 17:08', 'jueves, 18 de junio de 2015, Hora 17:08', '2015-06-18 22:08:41', '2015-06-18 22:08:41'),
(195, 34, 2, 1, '100', '18 de junio - 17:08', 'jueves, 18 de junio de 2015, Hora 17:08', '2015-06-18 22:08:44', '2015-06-18 22:08:44'),
(196, 34, 2, 1, '200', '18 de junio - 17:08', 'jueves, 18 de junio de 2015, Hora 17:08', '2015-06-18 22:08:52', '2015-06-18 22:08:52'),
(197, 34, 2, 1, '1000', '18 de junio - 17:08', 'jueves, 18 de junio de 2015, Hora 17:08', '2015-06-18 22:08:56', '2015-06-18 22:08:56'),
(198, 35, 2, 1, '1000', '18 de junio - 17:21', 'jueves, 18 de junio de 2015, Hora 17:21', '2015-06-18 22:21:05', '2015-06-18 22:21:05'),
(199, 35, 2, 1, '200', '18 de junio - 17:21', 'jueves, 18 de junio de 2015, Hora 17:21', '2015-06-18 22:21:09', '2015-06-18 22:21:09'),
(200, 35, 2, 1, '200', '18 de junio - 17:21', 'jueves, 18 de junio de 2015, Hora 17:21', '2015-06-18 22:21:11', '2015-06-18 22:21:11'),
(201, 35, 2, 1, '100', '18 de junio - 17:21', 'jueves, 18 de junio de 2015, Hora 17:21', '2015-06-18 22:21:13', '2015-06-18 22:21:13'),
(202, 35, 2, 1, '100', '18 de junio - 17:21', 'jueves, 18 de junio de 2015, Hora 17:21', '2015-06-18 22:21:15', '2015-06-18 22:21:15'),
(203, 35, 2, 1, '200', '18 de junio - 17:21', 'jueves, 18 de junio de 2015, Hora 17:21', '2015-06-18 22:21:17', '2015-06-18 22:21:17'),
(204, 1, 52, 1, '100', '18 de junio - 17:26', 'jueves, 18 de junio de 2015, Hora 17:26', '2015-06-18 22:26:28', '2015-06-18 22:26:28'),
(205, 1, 52, 1, '100', '18 de junio - 17:26', 'jueves, 18 de junio de 2015, Hora 17:26', '2015-06-18 22:26:29', '2015-06-18 22:26:29'),
(206, 1, 52, 1, '100', '18 de junio - 17:26', 'jueves, 18 de junio de 2015, Hora 17:26', '2015-06-18 22:26:31', '2015-06-18 22:26:31'),
(207, 1, 52, 1, '100', '18 de junio - 17:26', 'jueves, 18 de junio de 2015, Hora 17:26', '2015-06-18 22:26:32', '2015-06-18 22:26:32'),
(208, 1, 52, 1, '200', '18 de junio - 17:26', 'jueves, 18 de junio de 2015, Hora 17:26', '2015-06-18 22:26:33', '2015-06-18 22:26:33'),
(209, 1, 52, 1, '1000', '18 de junio - 17:26', 'jueves, 18 de junio de 2015, Hora 17:26', '2015-06-18 22:26:40', '2015-06-18 22:26:40'),
(210, 1, 52, 1, '100', '18 de junio - 17:26', 'jueves, 18 de junio de 2015, Hora 17:26', '2015-06-18 22:26:41', '2015-06-18 22:26:41'),
(211, 2, 52, 1, '200', '18 de junio - 17:29', 'jueves, 18 de junio de 2015, Hora 17:29', '2015-06-18 22:29:42', '2015-06-18 22:29:42'),
(212, 2, 52, 1, '100', '18 de junio - 17:29', 'jueves, 18 de junio de 2015, Hora 17:29', '2015-06-18 22:29:45', '2015-06-18 22:29:45'),
(213, 2, 52, 1, '200', '18 de junio - 17:29', 'jueves, 18 de junio de 2015, Hora 17:29', '2015-06-18 22:29:46', '2015-06-18 22:29:46'),
(214, 2, 52, 1, '200', '18 de junio - 17:29', 'jueves, 18 de junio de 2015, Hora 17:29', '2015-06-18 22:29:49', '2015-06-18 22:29:49'),
(215, 2, 52, 1, '100', '18 de junio - 17:29', 'jueves, 18 de junio de 2015, Hora 17:29', '2015-06-18 22:29:50', '2015-06-18 22:29:50'),
(216, 36, 2, 1, '100', '19 de junio - 10:21', 'viernes, 19 de junio de 2015, Hora 10:21', '2015-06-19 15:21:09', '2015-06-19 15:21:09'),
(217, 36, 2, 1, '200', '19 de junio - 10:21', 'viernes, 19 de junio de 2015, Hora 10:21', '2015-06-19 15:21:18', '2015-06-19 15:21:18'),
(218, 37, 2, 1, '200', '19 de junio - 10:37', 'viernes, 19 de junio de 2015, Hora 10:37', '2015-06-19 15:37:30', '2015-06-19 15:37:30'),
(219, 38, 2, 1, '200', '19 de junio - 10:39', 'viernes, 19 de junio de 2015, Hora 10:39', '2015-06-19 15:39:31', '2015-06-19 15:39:31'),
(220, 39, 2, 1, '100', '19 de junio - 10:41', 'viernes, 19 de junio de 2015, Hora 10:41', '2015-06-19 15:41:18', '2015-06-19 15:41:18'),
(221, 39, 2, 1, '100', '19 de junio - 10:41', 'viernes, 19 de junio de 2015, Hora 10:41', '2015-06-19 15:41:23', '2015-06-19 15:41:23'),
(222, 40, 2, 1, '200', '19 de junio - 10:45', 'viernes, 19 de junio de 2015, Hora 10:45', '2015-06-19 15:45:58', '2015-06-19 15:45:58'),
(223, 40, 2, 1, '200', '19 de junio - 10:46', 'viernes, 19 de junio de 2015, Hora 10:46', '2015-06-19 15:46:06', '2015-06-19 15:46:06'),
(224, 41, 2, 1, '100', '19 de junio - 10:47', 'viernes, 19 de junio de 2015, Hora 10:47', '2015-06-19 15:47:10', '2015-06-19 15:47:10'),
(225, 41, 2, 1, '200', '19 de junio - 10:47', 'viernes, 19 de junio de 2015, Hora 10:47', '2015-06-19 15:47:15', '2015-06-19 15:47:15'),
(226, 42, 2, 1, '1000', '19 de junio - 10:49', 'viernes, 19 de junio de 2015, Hora 10:49', '2015-06-19 15:49:23', '2015-06-19 15:49:23'),
(227, 43, 2, 1, '100', '19 de junio - 10:51', 'viernes, 19 de junio de 2015, Hora 10:51', '2015-06-19 15:51:34', '2015-06-19 15:51:34'),
(228, 44, 2, 1, '100', '19 de junio - 10:52', 'viernes, 19 de junio de 2015, Hora 10:52', '2015-06-19 15:52:06', '2015-06-19 15:52:06'),
(229, 45, 2, 1, '200', '19 de junio - 10:53', 'viernes, 19 de junio de 2015, Hora 10:53', '2015-06-19 15:53:38', '2015-06-19 15:53:38'),
(230, 46, 2, 1, '200', '19 de junio - 10:54', 'viernes, 19 de junio de 2015, Hora 10:54', '2015-06-19 15:54:54', '2015-06-19 15:54:54'),
(231, 47, 2, 1, '200', '19 de junio - 10:57', 'viernes, 19 de junio de 2015, Hora 10:57', '2015-06-19 15:57:28', '2015-06-19 15:57:28'),
(232, 47, 2, 1, '100', '19 de junio - 10:57', 'viernes, 19 de junio de 2015, Hora 10:57', '2015-06-19 15:57:34', '2015-06-19 15:57:34'),
(233, 47, 2, 1, '100', '19 de junio - 10:57', 'viernes, 19 de junio de 2015, Hora 10:57', '2015-06-19 15:57:50', '2015-06-19 15:57:50'),
(234, 48, 2, 1, '200', '19 de junio - 10:58', 'viernes, 19 de junio de 2015, Hora 10:58', '2015-06-19 15:58:16', '2015-06-19 15:58:16'),
(235, 48, 2, 1, '100', '19 de junio - 10:58', 'viernes, 19 de junio de 2015, Hora 10:58', '2015-06-19 15:58:19', '2015-06-19 15:58:19'),
(236, 48, 2, 1, '100', '19 de junio - 10:58', 'viernes, 19 de junio de 2015, Hora 10:58', '2015-06-19 15:58:23', '2015-06-19 15:58:23'),
(237, 49, 2, 1, '100', '19 de junio - 10:58', 'viernes, 19 de junio de 2015, Hora 10:58', '2015-06-19 15:58:57', '2015-06-19 15:58:57'),
(238, 50, 2, 1, '100', '19 de junio - 11:01', 'viernes, 19 de junio de 2015, Hora 11:01', '2015-06-19 16:01:27', '2015-06-19 16:01:27'),
(239, 50, 2, 1, '100', '19 de junio - 11:01', 'viernes, 19 de junio de 2015, Hora 11:01', '2015-06-19 16:01:31', '2015-06-19 16:01:31'),
(240, 51, 2, 1, '200', '19 de junio - 11:02', 'viernes, 19 de junio de 2015, Hora 11:02', '2015-06-19 16:02:16', '2015-06-19 16:02:16'),
(241, 51, 2, 1, '100', '19 de junio - 11:02', 'viernes, 19 de junio de 2015, Hora 11:02', '2015-06-19 16:02:19', '2015-06-19 16:02:19'),
(242, 51, 2, 1, '200', '19 de junio - 11:02', 'viernes, 19 de junio de 2015, Hora 11:02', '2015-06-19 16:02:21', '2015-06-19 16:02:21'),
(243, 51, 2, 1, '1000', '19 de junio - 11:02', 'viernes, 19 de junio de 2015, Hora 11:02', '2015-06-19 16:02:24', '2015-06-19 16:02:24'),
(244, 51, 2, 1, '200', '19 de junio - 11:02', 'viernes, 19 de junio de 2015, Hora 11:02', '2015-06-19 16:02:28', '2015-06-19 16:02:28'),
(245, 51, 2, 1, '100', '19 de junio - 11:02', 'viernes, 19 de junio de 2015, Hora 11:02', '2015-06-19 16:02:31', '2015-06-19 16:02:31'),
(246, 51, 2, 1, '200', '19 de junio - 11:02', 'viernes, 19 de junio de 2015, Hora 11:02', '2015-06-19 16:02:34', '2015-06-19 16:02:34'),
(247, 52, 2, 1, '200', '19 de junio - 11:04', 'viernes, 19 de junio de 2015, Hora 11:04', '2015-06-19 16:04:13', '2015-06-19 16:04:13'),
(248, 52, 2, 1, '100', '19 de junio - 11:04', 'viernes, 19 de junio de 2015, Hora 11:04', '2015-06-19 16:04:24', '2015-06-19 16:04:24'),
(249, 53, 2, 1, '100', '19 de junio - 11:08', 'viernes, 19 de junio de 2015, Hora 11:08', '2015-06-19 16:08:47', '2015-06-19 16:08:47'),
(250, 54, 2, 1, '100', '19 de junio - 11:10', 'viernes, 19 de junio de 2015, Hora 11:10', '2015-06-19 16:10:31', '2015-06-19 16:10:31'),
(251, 54, 2, 1, '1000', '19 de junio - 11:10', 'viernes, 19 de junio de 2015, Hora 11:10', '2015-06-19 16:10:35', '2015-06-19 16:10:35'),
(252, 55, 2, 1, '200', '19 de junio - 11:12', 'viernes, 19 de junio de 2015, Hora 11:12', '2015-06-19 16:12:13', '2015-06-19 16:12:13'),
(253, 55, 2, 1, '100', '19 de junio - 11:12', 'viernes, 19 de junio de 2015, Hora 11:12', '2015-06-19 16:12:19', '2015-06-19 16:12:19'),
(254, 55, 2, 1, '200', '19 de junio - 11:12', 'viernes, 19 de junio de 2015, Hora 11:12', '2015-06-19 16:12:27', '2015-06-19 16:12:27'),
(255, 55, 2, 1, '100', '19 de junio - 11:12', 'viernes, 19 de junio de 2015, Hora 11:12', '2015-06-19 16:12:32', '2015-06-19 16:12:32'),
(256, 56, 2, 1, '100', '19 de junio - 11:14', 'viernes, 19 de junio de 2015, Hora 11:14', '2015-06-19 16:14:37', '2015-06-19 16:14:37'),
(257, 56, 2, 1, '200', '19 de junio - 11:14', 'viernes, 19 de junio de 2015, Hora 11:14', '2015-06-19 16:14:43', '2015-06-19 16:14:43'),
(258, 56, 2, 1, '200', '19 de junio - 11:14', 'viernes, 19 de junio de 2015, Hora 11:14', '2015-06-19 16:14:45', '2015-06-19 16:14:45'),
(259, 57, 2, 1, '500', '19 de junio - 11:22', 'viernes, 19 de junio de 2015, Hora 11:22', '2015-06-19 16:22:52', '2015-06-19 16:22:52'),
(260, 57, 2, 1, '200', '19 de junio - 11:23', 'viernes, 19 de junio de 2015, Hora 11:23', '2015-06-19 16:23:01', '2015-06-19 16:23:01'),
(261, 57, 2, 1, '200', '19 de junio - 11:23', 'viernes, 19 de junio de 2015, Hora 11:23', '2015-06-19 16:23:04', '2015-06-19 16:23:04'),
(262, 58, 2, 1, '500', '19 de junio - 11:25', 'viernes, 19 de junio de 2015, Hora 11:25', '2015-06-19 16:25:39', '2015-06-19 16:25:39'),
(263, 58, 2, 1, '200', '19 de junio - 11:25', 'viernes, 19 de junio de 2015, Hora 11:25', '2015-06-19 16:25:44', '2015-06-19 16:25:44'),
(264, 58, 2, 1, '100', '19 de junio - 11:25', 'viernes, 19 de junio de 2015, Hora 11:25', '2015-06-19 16:25:48', '2015-06-19 16:25:48'),
(265, 59, 2, 1, '1000', '19 de junio - 11:26', 'viernes, 19 de junio de 2015, Hora 11:26', '2015-06-19 16:26:21', '2015-06-19 16:26:21'),
(266, 59, 2, 1, '500', '19 de junio - 11:26', 'viernes, 19 de junio de 2015, Hora 11:26', '2015-06-19 16:26:28', '2015-06-19 16:26:28'),
(267, 59, 2, 1, '200', '19 de junio - 11:26', 'viernes, 19 de junio de 2015, Hora 11:26', '2015-06-19 16:26:34', '2015-06-19 16:26:34'),
(268, 59, 2, 1, '100', '19 de junio - 11:26', 'viernes, 19 de junio de 2015, Hora 11:26', '2015-06-19 16:26:41', '2015-06-19 16:26:41'),
(269, 60, 2, 1, '500', '19 de junio - 11:27', 'viernes, 19 de junio de 2015, Hora 11:27', '2015-06-19 16:27:56', '2015-06-19 16:27:56'),
(270, 61, 2, 1, '200', '19 de junio - 11:33', 'viernes, 19 de junio de 2015, Hora 11:33', '2015-06-19 16:33:31', '2015-06-19 16:33:31'),
(271, 62, 2, 1, '200', '19 de junio - 11:35', 'viernes, 19 de junio de 2015, Hora 11:35', '2015-06-19 16:35:25', '2015-06-19 16:35:25'),
(272, 62, 2, 1, '100', '19 de junio - 11:35', 'viernes, 19 de junio de 2015, Hora 11:35', '2015-06-19 16:35:33', '2015-06-19 16:35:33'),
(273, 63, 2, 1, '200', '19 de junio - 11:36', 'viernes, 19 de junio de 2015, Hora 11:36', '2015-06-19 16:36:11', '2015-06-19 16:36:11'),
(274, 1, 55, 1, '200', '19 de junio - 11:38', 'viernes, 19 de junio de 2015, Hora 11:38', '2015-06-19 16:38:55', '2015-06-19 16:38:55'),
(275, 1, 55, 1, '100', '19 de junio - 11:39', 'viernes, 19 de junio de 2015, Hora 11:39', '2015-06-19 16:39:00', '2015-06-19 16:39:00'),
(276, 1, 55, 1, '500', '19 de junio - 11:39', 'viernes, 19 de junio de 2015, Hora 11:39', '2015-06-19 16:39:06', '2015-06-19 16:39:06'),
(277, 1, 55, 1, '100', '19 de junio - 11:39', 'viernes, 19 de junio de 2015, Hora 11:39', '2015-06-19 16:39:15', '2015-06-19 16:39:15'),
(278, 1, 55, 1, '200', '19 de junio - 11:39', 'viernes, 19 de junio de 2015, Hora 11:39', '2015-06-19 16:39:21', '2015-06-19 16:39:21'),
(279, 64, 2, 1, '100', '19 de junio - 11:39', 'viernes, 19 de junio de 2015, Hora 11:39', '2015-06-19 16:39:50', '2015-06-19 16:39:50'),
(280, 64, 2, 1, '200', '19 de junio - 11:39', 'viernes, 19 de junio de 2015, Hora 11:39', '2015-06-19 16:39:55', '2015-06-19 16:39:55'),
(281, 64, 2, 1, '1000', '19 de junio - 11:39', 'viernes, 19 de junio de 2015, Hora 11:39', '2015-06-19 16:39:58', '2015-06-19 16:39:58'),
(282, 64, 2, 1, '500', '19 de junio - 11:40', 'viernes, 19 de junio de 2015, Hora 11:40', '2015-06-19 16:40:03', '2015-06-19 16:40:03'),
(283, 2, 55, 1, '200', '19 de junio - 11:58', 'viernes, 19 de junio de 2015, Hora 11:58', '2015-06-19 16:58:13', '2015-06-19 16:58:13'),
(284, 2, 55, 1, '500', '19 de junio - 11:58', 'viernes, 19 de junio de 2015, Hora 11:58', '2015-06-19 16:58:18', '2015-06-19 16:58:18'),
(285, 2, 55, 1, '1000', '19 de junio - 11:58', 'viernes, 19 de junio de 2015, Hora 11:58', '2015-06-19 16:58:21', '2015-06-19 16:58:21'),
(286, 2, 55, 1, '100', '19 de junio - 11:58', 'viernes, 19 de junio de 2015, Hora 11:58', '2015-06-19 16:58:24', '2015-06-19 16:58:24'),
(287, 2, 55, 1, '200', '19 de junio - 11:58', 'viernes, 19 de junio de 2015, Hora 11:58', '2015-06-19 16:58:26', '2015-06-19 16:58:26'),
(288, 65, 2, 1, '100', '19 de junio - 11:59', 'viernes, 19 de junio de 2015, Hora 11:59', '2015-06-19 16:59:17', '2015-06-19 16:59:17'),
(289, 65, 2, 1, '100', '19 de junio - 11:59', 'viernes, 19 de junio de 2015, Hora 11:59', '2015-06-19 16:59:21', '2015-06-19 16:59:21'),
(290, 65, 2, 1, '500', '19 de junio - 11:59', 'viernes, 19 de junio de 2015, Hora 11:59', '2015-06-19 16:59:26', '2015-06-19 16:59:26'),
(291, 65, 2, 1, '200', '19 de junio - 11:59', 'viernes, 19 de junio de 2015, Hora 11:59', '2015-06-19 16:59:31', '2015-06-19 16:59:31'),
(292, 65, 2, 1, '500', '19 de junio - 11:59', 'viernes, 19 de junio de 2015, Hora 11:59', '2015-06-19 16:59:35', '2015-06-19 16:59:35'),
(293, 65, 2, 1, '200', '19 de junio - 11:59', 'viernes, 19 de junio de 2015, Hora 11:59', '2015-06-19 16:59:41', '2015-06-19 16:59:41'),
(294, 65, 2, 1, '1000', '19 de junio - 11:59', 'viernes, 19 de junio de 2015, Hora 11:59', '2015-06-19 16:59:45', '2015-06-19 16:59:45'),
(295, 66, 2, 1, '200', '19 de junio - 12:02', 'viernes, 19 de junio de 2015, Hora 12:02', '2015-06-19 17:02:09', '2015-06-19 17:02:09'),
(296, 66, 2, 1, '100', '19 de junio - 12:02', 'viernes, 19 de junio de 2015, Hora 12:02', '2015-06-19 17:02:22', '2015-06-19 17:02:22'),
(297, 66, 2, 1, '100', '19 de junio - 12:02', 'viernes, 19 de junio de 2015, Hora 12:02', '2015-06-19 17:02:25', '2015-06-19 17:02:25'),
(298, 67, 2, 1, '200', '19 de junio - 12:04', 'viernes, 19 de junio de 2015, Hora 12:04', '2015-06-19 17:04:21', '2015-06-19 17:04:21'),
(299, 67, 2, 1, '100', '19 de junio - 12:04', 'viernes, 19 de junio de 2015, Hora 12:04', '2015-06-19 17:04:28', '2015-06-19 17:04:28'),
(300, 67, 2, 1, '100', '19 de junio - 12:04', 'viernes, 19 de junio de 2015, Hora 12:04', '2015-06-19 17:04:31', '2015-06-19 17:04:31'),
(301, 68, 2, 1, '200', '19 de junio - 13:02', 'viernes, 19 de junio de 2015, Hora 13:02', '2015-06-19 18:02:11', '2015-06-19 18:02:11'),
(302, 68, 2, 1, '100', '19 de junio - 13:02', 'viernes, 19 de junio de 2015, Hora 13:02', '2015-06-19 18:02:17', '2015-06-19 18:02:17'),
(303, 68, 2, 1, '500', '19 de junio - 13:02', 'viernes, 19 de junio de 2015, Hora 13:02', '2015-06-19 18:02:24', '2015-06-19 18:02:24'),
(304, 68, 2, 1, '1000', '19 de junio - 13:02', 'viernes, 19 de junio de 2015, Hora 13:02', '2015-06-19 18:02:33', '2015-06-19 18:02:33'),
(305, 68, 2, 1, '500', '19 de junio - 13:02', 'viernes, 19 de junio de 2015, Hora 13:02', '2015-06-19 18:02:41', '2015-06-19 18:02:41'),
(306, 68, 2, 1, '100', '19 de junio - 13:02', 'viernes, 19 de junio de 2015, Hora 13:02', '2015-06-19 18:02:44', '2015-06-19 18:02:44'),
(307, 69, 2, 1, '200', '19 de junio - 13:35', 'viernes, 19 de junio de 2015, Hora 13:35', '2015-06-19 18:35:00', '2015-06-19 18:35:00'),
(308, 69, 2, 1, '100', '19 de junio - 13:35', 'viernes, 19 de junio de 2015, Hora 13:35', '2015-06-19 18:35:05', '2015-06-19 18:35:05'),
(309, 69, 2, 1, '500', '19 de junio - 13:35', 'viernes, 19 de junio de 2015, Hora 13:35', '2015-06-19 18:35:11', '2015-06-19 18:35:11'),
(310, 69, 2, 1, '100', '19 de junio - 13:35', 'viernes, 19 de junio de 2015, Hora 13:35', '2015-06-19 18:35:17', '2015-06-19 18:35:17'),
(311, 69, 2, 1, '100', '19 de junio - 13:35', 'viernes, 19 de junio de 2015, Hora 13:35', '2015-06-19 18:35:22', '2015-06-19 18:35:22'),
(312, 70, 2, 1, '500', '19 de junio - 14:32', 'viernes, 19 de junio de 2015, Hora 14:32', '2015-06-19 19:32:42', '2015-06-19 19:32:42'),
(313, 70, 2, 1, '200', '19 de junio - 14:32', 'viernes, 19 de junio de 2015, Hora 14:32', '2015-06-19 19:32:51', '2015-06-19 19:32:51'),
(314, 70, 2, 1, '100', '19 de junio - 14:33', 'viernes, 19 de junio de 2015, Hora 14:33', '2015-06-19 19:33:02', '2015-06-19 19:33:02'),
(315, 70, 2, 1, '100', '19 de junio - 14:33', 'viernes, 19 de junio de 2015, Hora 14:33', '2015-06-19 19:33:09', '2015-06-19 19:33:09'),
(316, 70, 2, 1, '200', '19 de junio - 14:33', 'viernes, 19 de junio de 2015, Hora 14:33', '2015-06-19 19:33:15', '2015-06-19 19:33:15'),
(317, 70, 2, 1, '100', '19 de junio - 14:33', 'viernes, 19 de junio de 2015, Hora 14:33', '2015-06-19 19:33:23', '2015-06-19 19:33:23'),
(318, 71, 2, 1, '100', '19 de junio - 14:40', 'viernes, 19 de junio de 2015, Hora 14:40', '2015-06-19 19:40:14', '2015-06-19 19:40:14'),
(319, 72, 2, 1, '500', '19 de junio - 14:46', 'viernes, 19 de junio de 2015, Hora 14:46', '2015-06-19 19:46:18', '2015-06-19 19:46:18'),
(320, 73, 2, 1, '500', '19 de junio - 14:47', 'viernes, 19 de junio de 2015, Hora 14:47', '2015-06-19 19:47:08', '2015-06-19 19:47:08'),
(321, 74, 2, 1, '100', '19 de junio - 14:47', 'viernes, 19 de junio de 2015, Hora 14:47', '2015-06-19 19:47:48', '2015-06-19 19:47:48'),
(322, 75, 2, 1, '500', '19 de junio - 14:49', 'viernes, 19 de junio de 2015, Hora 14:49', '2015-06-19 19:49:06', '2015-06-19 19:49:06'),
(323, 76, 2, 1, '1000', '19 de junio - 14:59', 'viernes, 19 de junio de 2015, Hora 14:59', '2015-06-19 19:59:04', '2015-06-19 19:59:04'),
(324, 77, 2, 1, '500', '19 de junio - 15:01', 'viernes, 19 de junio de 2015, Hora 15:01', '2015-06-19 20:01:34', '2015-06-19 20:01:34'),
(325, 78, 2, 1, '200', '19 de junio - 15:09', 'viernes, 19 de junio de 2015, Hora 15:09', '2015-06-19 20:09:41', '2015-06-19 20:09:41'),
(326, 79, 2, 1, '500', '19 de junio - 15:11', 'viernes, 19 de junio de 2015, Hora 15:11', '2015-06-19 20:11:48', '2015-06-19 20:11:48'),
(327, 80, 2, 1, '200', '19 de junio - 15:13', 'viernes, 19 de junio de 2015, Hora 15:13', '2015-06-19 20:13:04', '2015-06-19 20:13:04'),
(328, 81, 2, 1, '100', '19 de junio - 15:36', 'viernes, 19 de junio de 2015, Hora 15:36', '2015-06-19 20:36:05', '2015-06-19 20:36:05'),
(329, 81, 2, 1, '100', '19 de junio - 15:36', 'viernes, 19 de junio de 2015, Hora 15:36', '2015-06-19 20:36:09', '2015-06-19 20:36:09'),
(330, 81, 2, 1, '200', '19 de junio - 15:36', 'viernes, 19 de junio de 2015, Hora 15:36', '2015-06-19 20:36:19', '2015-06-19 20:36:19'),
(331, 81, 2, 1, '200', '19 de junio - 15:36', 'viernes, 19 de junio de 2015, Hora 15:36', '2015-06-19 20:36:24', '2015-06-19 20:36:24'),
(332, 81, 2, 1, '100', '19 de junio - 15:36', 'viernes, 19 de junio de 2015, Hora 15:36', '2015-06-19 20:36:32', '2015-06-19 20:36:32'),
(333, 81, 2, 1, '500', '19 de junio - 15:36', 'viernes, 19 de junio de 2015, Hora 15:36', '2015-06-19 20:36:34', '2015-06-19 20:36:34'),
(334, 81, 2, 1, '200', '19 de junio - 15:36', 'viernes, 19 de junio de 2015, Hora 15:36', '2015-06-19 20:36:44', '2015-06-19 20:36:44'),
(335, 81, 2, 1, '1000', '19 de junio - 15:36', 'viernes, 19 de junio de 2015, Hora 15:36', '2015-06-19 20:36:49', '2015-06-19 20:36:49'),
(336, 81, 2, 1, '200', '19 de junio - 15:36', 'viernes, 19 de junio de 2015, Hora 15:36', '2015-06-19 20:36:53', '2015-06-19 20:36:53'),
(337, 82, 2, 1, '100', '19 de junio - 15:37', 'viernes, 19 de junio de 2015, Hora 15:37', '2015-06-19 20:37:44', '2015-06-19 20:37:44'),
(338, 82, 2, 1, '200', '19 de junio - 15:37', 'viernes, 19 de junio de 2015, Hora 15:37', '2015-06-19 20:37:45', '2015-06-19 20:37:45'),
(339, 82, 2, 1, '100', '19 de junio - 15:37', 'viernes, 19 de junio de 2015, Hora 15:37', '2015-06-19 20:37:46', '2015-06-19 20:37:46'),
(340, 82, 2, 1, '100', '19 de junio - 15:37', 'viernes, 19 de junio de 2015, Hora 15:37', '2015-06-19 20:37:50', '2015-06-19 20:37:50'),
(341, 82, 2, 1, '100', '19 de junio - 15:37', 'viernes, 19 de junio de 2015, Hora 15:37', '2015-06-19 20:37:51', '2015-06-19 20:37:51'),
(342, 82, 2, 1, '200', '19 de junio - 15:37', 'viernes, 19 de junio de 2015, Hora 15:37', '2015-06-19 20:37:52', '2015-06-19 20:37:52'),
(343, 82, 2, 1, '100', '19 de junio - 15:37', 'viernes, 19 de junio de 2015, Hora 15:37', '2015-06-19 20:37:54', '2015-06-19 20:37:54'),
(344, 82, 2, 1, '1000', '19 de junio - 15:37', 'viernes, 19 de junio de 2015, Hora 15:37', '2015-06-19 20:37:55', '2015-06-19 20:37:55'),
(345, 82, 2, 1, '200', '19 de junio - 15:37', 'viernes, 19 de junio de 2015, Hora 15:37', '2015-06-19 20:37:59', '2015-06-19 20:37:59'),
(346, 82, 2, 1, '200', '19 de junio - 15:38', 'viernes, 19 de junio de 2015, Hora 15:38', '2015-06-19 20:38:02', '2015-06-19 20:38:02'),
(347, 82, 2, 1, '500', '19 de junio - 15:38', 'viernes, 19 de junio de 2015, Hora 15:38', '2015-06-19 20:38:04', '2015-06-19 20:38:04'),
(348, 82, 2, 1, '100', '19 de junio - 15:38', 'viernes, 19 de junio de 2015, Hora 15:38', '2015-06-19 20:38:08', '2015-06-19 20:38:08'),
(349, 82, 2, 1, '100', '19 de junio - 15:38', 'viernes, 19 de junio de 2015, Hora 15:38', '2015-06-19 20:38:08', '2015-06-19 20:38:08'),
(350, 82, 2, 1, '200', '19 de junio - 15:38', 'viernes, 19 de junio de 2015, Hora 15:38', '2015-06-19 20:38:11', '2015-06-19 20:38:11'),
(351, 82, 2, 1, '100', '19 de junio - 15:38', 'viernes, 19 de junio de 2015, Hora 15:38', '2015-06-19 20:38:12', '2015-06-19 20:38:12'),
(352, 82, 2, 1, '100', '19 de junio - 15:38', 'viernes, 19 de junio de 2015, Hora 15:38', '2015-06-19 20:38:17', '2015-06-19 20:38:17'),
(353, 82, 2, 1, '500', '19 de junio - 15:38', 'viernes, 19 de junio de 2015, Hora 15:38', '2015-06-19 20:38:19', '2015-06-19 20:38:19'),
(354, 83, 2, 1, '200', '19 de junio - 16:58', 'viernes, 19 de junio de 2015, Hora 16:58', '2015-06-19 21:58:32', '2015-06-19 21:58:32'),
(355, 83, 2, 1, '100', '19 de junio - 16:58', 'viernes, 19 de junio de 2015, Hora 16:58', '2015-06-19 21:58:41', '2015-06-19 21:58:41'),
(356, 83, 2, 1, '500', '19 de junio - 16:58', 'viernes, 19 de junio de 2015, Hora 16:58', '2015-06-19 21:58:45', '2015-06-19 21:58:45'),
(357, 83, 2, 1, '100', '19 de junio - 16:58', 'viernes, 19 de junio de 2015, Hora 16:58', '2015-06-19 21:58:49', '2015-06-19 21:58:49'),
(358, 83, 2, 1, '200', '19 de junio - 16:58', 'viernes, 19 de junio de 2015, Hora 16:58', '2015-06-19 21:58:52', '2015-06-19 21:58:52'),
(359, 84, 2, 1, '500', '19 de junio - 16:59', 'viernes, 19 de junio de 2015, Hora 16:59', '2015-06-19 21:59:29', '2015-06-19 21:59:29'),
(360, 84, 2, 1, '100', '19 de junio - 16:59', 'viernes, 19 de junio de 2015, Hora 16:59', '2015-06-19 21:59:33', '2015-06-19 21:59:33'),
(361, 84, 2, 1, '100', '19 de junio - 16:59', 'viernes, 19 de junio de 2015, Hora 16:59', '2015-06-19 21:59:36', '2015-06-19 21:59:36'),
(362, 84, 2, 1, '200', '19 de junio - 16:59', 'viernes, 19 de junio de 2015, Hora 16:59', '2015-06-19 21:59:43', '2015-06-19 21:59:43'),
(363, 84, 2, 1, '100', '19 de junio - 16:59', 'viernes, 19 de junio de 2015, Hora 16:59', '2015-06-19 21:59:48', '2015-06-19 21:59:48'),
(364, 3, 55, 1, '200', '19 de junio - 17:36', 'viernes, 19 de junio de 2015, Hora 17:36', '2015-06-19 22:36:00', '2015-06-19 22:36:00'),
(365, 3, 55, 1, '100', '19 de junio - 17:36', 'viernes, 19 de junio de 2015, Hora 17:36', '2015-06-19 22:36:01', '2015-06-19 22:36:01'),
(366, 3, 55, 1, '200', '19 de junio - 17:36', 'viernes, 19 de junio de 2015, Hora 17:36', '2015-06-19 22:36:03', '2015-06-19 22:36:03'),
(367, 85, 2, 1, '200', '22 de junio - 15:02', 'lunes, 22 de junio de 2015, Hora 15:02', '2015-06-22 20:02:19', '2015-06-22 20:02:19'),
(368, 85, 2, 1, '100', '22 de junio - 15:02', 'lunes, 22 de junio de 2015, Hora 15:02', '2015-06-22 20:02:22', '2015-06-22 20:02:22'),
(369, 85, 2, 1, '200', '22 de junio - 15:02', 'lunes, 22 de junio de 2015, Hora 15:02', '2015-06-22 20:02:29', '2015-06-22 20:02:29'),
(370, 85, 2, 1, '100', '22 de junio - 15:02', 'lunes, 22 de junio de 2015, Hora 15:02', '2015-06-22 20:02:31', '2015-06-22 20:02:31'),
(371, 86, 2, 1, '200', '22 de junio - 15:26', 'lunes, 22 de junio de 2015, Hora 15:26', '2015-06-22 20:26:04', '2015-06-22 20:26:04'),
(372, 86, 2, 1, '100', '22 de junio - 15:26', 'lunes, 22 de junio de 2015, Hora 15:26', '2015-06-22 20:26:13', '2015-06-22 20:26:13'),
(373, 86, 2, 1, '100', '22 de junio - 15:26', 'lunes, 22 de junio de 2015, Hora 15:26', '2015-06-22 20:26:19', '2015-06-22 20:26:19'),
(374, 86, 2, 1, '500', '22 de junio - 15:26', 'lunes, 22 de junio de 2015, Hora 15:26', '2015-06-22 20:26:26', '2015-06-22 20:26:26'),
(375, 87, 2, 1, '100', '22 de junio - 16:09', 'lunes, 22 de junio de 2015, Hora 16:09', '2015-06-22 21:09:04', '2015-06-22 21:09:04'),
(376, 87, 2, 1, '200', '22 de junio - 16:09', 'lunes, 22 de junio de 2015, Hora 16:09', '2015-06-22 21:09:11', '2015-06-22 21:09:11'),
(377, 87, 2, 1, '500', '22 de junio - 16:09', 'lunes, 22 de junio de 2015, Hora 16:09', '2015-06-22 21:09:18', '2015-06-22 21:09:18'),
(378, 87, 2, 1, '1000', '22 de junio - 16:09', 'lunes, 22 de junio de 2015, Hora 16:09', '2015-06-22 21:09:29', '2015-06-22 21:09:29'),
(379, 88, 2, 1, '500', '22 de junio - 17:28', 'lunes, 22 de junio de 2015, Hora 17:28', '2015-06-22 22:28:35', '2015-06-22 22:28:35'),
(380, 88, 2, 1, '100', '22 de junio - 17:28', 'lunes, 22 de junio de 2015, Hora 17:28', '2015-06-22 22:28:38', '2015-06-22 22:28:38'),
(381, 88, 2, 1, '500', '22 de junio - 17:28', 'lunes, 22 de junio de 2015, Hora 17:28', '2015-06-22 22:28:41', '2015-06-22 22:28:41'),
(382, 88, 2, 1, '100', '22 de junio - 17:28', 'lunes, 22 de junio de 2015, Hora 17:28', '2015-06-22 22:28:42', '2015-06-22 22:28:42');
INSERT INTO `ahorro` (`id`, `consecutivo`, `user_id`, `alcancia_id`, `moneda`, `fecha_corta`, `fecha`, `created_at`, `updated_at`) VALUES
(383, 88, 2, 1, '200', '22 de junio - 17:28', 'lunes, 22 de junio de 2015, Hora 17:28', '2015-06-22 22:28:46', '2015-06-22 22:28:46'),
(384, 89, 2, 1, '200', '23 de junio - 11:59', 'martes, 23 de junio de 2015, Hora 11:59', '2015-06-23 16:59:52', '2015-06-23 16:59:52'),
(385, 89, 2, 1, '500', '23 de junio - 11:59', 'martes, 23 de junio de 2015, Hora 11:59', '2015-06-23 16:59:56', '2015-06-23 16:59:56'),
(386, 89, 2, 1, '1000', '23 de junio - 11:59', 'martes, 23 de junio de 2015, Hora 11:59', '2015-06-23 16:59:59', '2015-06-23 16:59:59'),
(387, 89, 2, 1, '100', '23 de junio - 12:00', 'martes, 23 de junio de 2015, Hora 12:00', '2015-06-23 17:00:08', '2015-06-23 17:00:08'),
(388, 90, 2, 1, '200', '23 de junio - 13:05', 'martes, 23 de junio de 2015, Hora 13:05', '2015-06-23 18:05:14', '2015-06-23 18:05:14'),
(389, 90, 2, 1, '100', '23 de junio - 13:05', 'martes, 23 de junio de 2015, Hora 13:05', '2015-06-23 18:05:18', '2015-06-23 18:05:18'),
(390, 90, 2, 1, '500', '23 de junio - 13:05', 'martes, 23 de junio de 2015, Hora 13:05', '2015-06-23 18:05:20', '2015-06-23 18:05:20'),
(391, 90, 2, 1, '1000', '23 de junio - 13:05', 'martes, 23 de junio de 2015, Hora 13:05', '2015-06-23 18:05:31', '2015-06-23 18:05:31'),
(392, 91, 2, 1, '200', '23 de junio - 17:56', 'martes, 23 de junio de 2015, Hora 17:56', '2015-06-23 22:56:36', '2015-06-23 22:56:36'),
(393, 91, 2, 1, '100', '23 de junio - 17:56', 'martes, 23 de junio de 2015, Hora 17:56', '2015-06-23 22:56:39', '2015-06-23 22:56:39'),
(394, 91, 2, 1, '500', '23 de junio - 17:56', 'martes, 23 de junio de 2015, Hora 17:56', '2015-06-23 22:56:42', '2015-06-23 22:56:42'),
(395, 91, 2, 1, '1000', '23 de junio - 17:56', 'martes, 23 de junio de 2015, Hora 17:56', '2015-06-23 22:56:53', '2015-06-23 22:56:53'),
(396, 92, 2, 1, '200', '23 de junio - 18:10', 'martes, 23 de junio de 2015, Hora 18:10', '2015-06-23 23:10:48', '2015-06-23 23:10:48'),
(397, 92, 2, 1, '100', '23 de junio - 18:10', 'martes, 23 de junio de 2015, Hora 18:10', '2015-06-23 23:10:51', '2015-06-23 23:10:51'),
(398, 92, 2, 1, '500', '23 de junio - 18:10', 'martes, 23 de junio de 2015, Hora 18:10', '2015-06-23 23:10:56', '2015-06-23 23:10:56'),
(399, 92, 2, 1, '1000', '23 de junio - 18:11', 'martes, 23 de junio de 2015, Hora 18:11', '2015-06-23 23:11:00', '2015-06-23 23:11:00'),
(400, 93, 2, 1, '500', '23 de junio - 18:19', 'martes, 23 de junio de 2015, Hora 18:19', '2015-06-23 23:19:39', '2015-06-23 23:19:39'),
(401, 93, 2, 1, '100', '23 de junio - 18:19', 'martes, 23 de junio de 2015, Hora 18:19', '2015-06-23 23:19:45', '2015-06-23 23:19:45'),
(402, 93, 2, 1, '100', '23 de junio - 18:19', 'martes, 23 de junio de 2015, Hora 18:19', '2015-06-23 23:19:50', '2015-06-23 23:19:50'),
(403, 93, 2, 1, '1000', '23 de junio - 18:19', 'martes, 23 de junio de 2015, Hora 18:19', '2015-06-23 23:19:56', '2015-06-23 23:19:56'),
(404, 94, 2, 1, '200', '25 de junio - 09:59', 'jueves, 25 de junio de 2015, Hora 09:59', '2015-06-25 14:59:28', '2015-06-25 14:59:28'),
(405, 94, 2, 1, '500', '25 de junio - 09:59', 'jueves, 25 de junio de 2015, Hora 09:59', '2015-06-25 14:59:31', '2015-06-25 14:59:31'),
(406, 95, 2, 1, '500', '25 de junio - 10:49', 'jueves, 25 de junio de 2015, Hora 10:49', '2015-06-25 15:49:00', '2015-06-25 15:49:00'),
(407, 96, 2, 1, '200', '25 de junio - 11:26', 'jueves, 25 de junio de 2015, Hora 11:26', '2015-06-25 16:26:50', '2015-06-25 16:26:50'),
(408, 96, 2, 1, '500', '25 de junio - 11:27', 'jueves, 25 de junio de 2015, Hora 11:27', '2015-06-25 16:27:04', '2015-06-25 16:27:04'),
(409, 96, 2, 1, '200', '25 de junio - 11:27', 'jueves, 25 de junio de 2015, Hora 11:27', '2015-06-25 16:27:06', '2015-06-25 16:27:06'),
(410, 96, 2, 1, '100', '25 de junio - 11:27', 'jueves, 25 de junio de 2015, Hora 11:27', '2015-06-25 16:27:08', '2015-06-25 16:27:08'),
(411, 96, 2, 1, '1000', '25 de junio - 11:27', 'jueves, 25 de junio de 2015, Hora 11:27', '2015-06-25 16:27:10', '2015-06-25 16:27:10'),
(412, 97, 2, 1, '200', '25 de junio - 13:51', 'jueves, 25 de junio de 2015, Hora 13:51', '2015-06-25 18:51:37', '2015-06-25 18:51:37'),
(413, 97, 2, 1, '200', '25 de junio - 13:51', 'jueves, 25 de junio de 2015, Hora 13:51', '2015-06-25 18:51:48', '2015-06-25 18:51:48'),
(414, 98, 2, 1, '200', '25 de junio - 14:02', 'jueves, 25 de junio de 2015, Hora 14:02', '2015-06-25 19:02:12', '2015-06-25 19:02:12'),
(415, 98, 2, 1, '100', '25 de junio - 14:02', 'jueves, 25 de junio de 2015, Hora 14:02', '2015-06-25 19:02:19', '2015-06-25 19:02:19'),
(416, 99, 2, 1, '500', '25 de junio - 15:51', 'jueves, 25 de junio de 2015, Hora 15:51', '2015-06-25 20:51:36', '2015-06-25 20:51:36'),
(417, 99, 2, 1, '1000', '25 de junio - 15:51', 'jueves, 25 de junio de 2015, Hora 15:51', '2015-06-25 20:51:38', '2015-06-25 20:51:38'),
(418, 100, 2, 1, '100', '25 de junio - 16:02', 'jueves, 25 de junio de 2015, Hora 16:02', '2015-06-25 21:02:38', '2015-06-25 21:02:38'),
(419, 100, 2, 1, '500', '25 de junio - 16:02', 'jueves, 25 de junio de 2015, Hora 16:02', '2015-06-25 21:02:43', '2015-06-25 21:02:43'),
(420, 100, 2, 1, '200', '25 de junio - 16:02', 'jueves, 25 de junio de 2015, Hora 16:02', '2015-06-25 21:02:47', '2015-06-25 21:02:47'),
(421, 100, 2, 1, '1000', '25 de junio - 16:02', 'jueves, 25 de junio de 2015, Hora 16:02', '2015-06-25 21:02:54', '2015-06-25 21:02:54'),
(422, 101, 2, 1, '100', '25 de junio - 16:08', 'jueves, 25 de junio de 2015, Hora 16:08', '2015-06-25 21:08:18', '2015-06-25 21:08:18'),
(423, 101, 2, 1, '200', '25 de junio - 16:08', 'jueves, 25 de junio de 2015, Hora 16:08', '2015-06-25 21:08:30', '2015-06-25 21:08:30'),
(424, 4, 55, 1, '500', '25 de junio - 16:08', 'jueves, 25 de junio de 2015, Hora 16:08', '2015-06-25 21:08:53', '2015-06-25 21:08:53'),
(425, 4, 55, 1, '1000', '25 de junio - 16:09', 'jueves, 25 de junio de 2015, Hora 16:09', '2015-06-25 21:09:01', '2015-06-25 21:09:01'),
(426, 4, 55, 1, '200', '25 de junio - 16:09', 'jueves, 25 de junio de 2015, Hora 16:09', '2015-06-25 21:09:06', '2015-06-25 21:09:06'),
(427, 4, 55, 1, '100', '25 de junio - 16:09', 'jueves, 25 de junio de 2015, Hora 16:09', '2015-06-25 21:09:11', '2015-06-25 21:09:11'),
(428, 102, 2, 1, '500', '25 de junio - 16:30', 'jueves, 25 de junio de 2015, Hora 16:30', '2015-06-25 21:30:36', '2015-06-25 21:30:36'),
(429, 103, 2, 1, '1000', '25 de junio - 16:33', 'jueves, 25 de junio de 2015, Hora 16:33', '2015-06-25 21:33:30', '2015-06-25 21:33:30'),
(430, 104, 2, 1, '100', '25 de junio - 16:34', 'jueves, 25 de junio de 2015, Hora 16:34', '2015-06-25 21:34:11', '2015-06-25 21:34:11'),
(431, 104, 2, 1, '100', '25 de junio - 16:34', 'jueves, 25 de junio de 2015, Hora 16:34', '2015-06-25 21:34:13', '2015-06-25 21:34:13'),
(432, 105, 2, 1, '200', '25 de junio - 16:37', 'jueves, 25 de junio de 2015, Hora 16:37', '2015-06-25 21:37:39', '2015-06-25 21:37:39'),
(433, 105, 2, 1, '100', '25 de junio - 16:37', 'jueves, 25 de junio de 2015, Hora 16:37', '2015-06-25 21:37:43', '2015-06-25 21:37:43'),
(434, 105, 2, 1, '500', '25 de junio - 16:37', 'jueves, 25 de junio de 2015, Hora 16:37', '2015-06-25 21:37:48', '2015-06-25 21:37:48'),
(435, 105, 2, 1, '1000', '25 de junio - 16:37', 'jueves, 25 de junio de 2015, Hora 16:37', '2015-06-25 21:37:50', '2015-06-25 21:37:50'),
(436, 106, 2, 1, '100', '25 de junio - 16:42', 'jueves, 25 de junio de 2015, Hora 16:42', '2015-06-25 21:42:21', '2015-06-25 21:42:21'),
(437, 106, 2, 1, '100', '25 de junio - 16:42', 'jueves, 25 de junio de 2015, Hora 16:42', '2015-06-25 21:42:24', '2015-06-25 21:42:24'),
(438, 106, 2, 1, '200', '25 de junio - 16:42', 'jueves, 25 de junio de 2015, Hora 16:42', '2015-06-25 21:42:27', '2015-06-25 21:42:27'),
(439, 106, 2, 1, '100', '25 de junio - 16:42', 'jueves, 25 de junio de 2015, Hora 16:42', '2015-06-25 21:42:31', '2015-06-25 21:42:31'),
(440, 107, 2, 1, '500', '25 de junio - 16:46', 'jueves, 25 de junio de 2015, Hora 16:46', '2015-06-25 21:46:50', '2015-06-25 21:46:50'),
(441, 107, 2, 1, '100', '25 de junio - 16:46', 'jueves, 25 de junio de 2015, Hora 16:46', '2015-06-25 21:46:54', '2015-06-25 21:46:54'),
(442, 107, 2, 1, '1000', '25 de junio - 16:46', 'jueves, 25 de junio de 2015, Hora 16:46', '2015-06-25 21:46:57', '2015-06-25 21:46:57'),
(443, 107, 2, 1, '200', '25 de junio - 16:47', 'jueves, 25 de junio de 2015, Hora 16:47', '2015-06-25 21:47:00', '2015-06-25 21:47:00'),
(444, 108, 2, 1, '200', '25 de junio - 17:14', 'jueves, 25 de junio de 2015, Hora 17:14', '2015-06-25 22:14:35', '2015-06-25 22:14:35'),
(445, 108, 2, 1, '100', '25 de junio - 17:14', 'jueves, 25 de junio de 2015, Hora 17:14', '2015-06-25 22:14:37', '2015-06-25 22:14:37'),
(446, 109, 2, 1, '1000', '25 de junio - 17:41', 'jueves, 25 de junio de 2015, Hora 17:41', '2015-06-25 22:41:39', '2015-06-25 22:41:39'),
(447, 109, 2, 1, '100', '25 de junio - 17:41', 'jueves, 25 de junio de 2015, Hora 17:41', '2015-06-25 22:41:40', '2015-06-25 22:41:40'),
(448, 109, 2, 1, '500', '25 de junio - 17:41', 'jueves, 25 de junio de 2015, Hora 17:41', '2015-06-25 22:41:42', '2015-06-25 22:41:42'),
(449, 109, 2, 1, '200', '25 de junio - 17:41', 'jueves, 25 de junio de 2015, Hora 17:41', '2015-06-25 22:41:44', '2015-06-25 22:41:44'),
(450, 110, 2, 1, '100', '25 de junio - 17:44', 'jueves, 25 de junio de 2015, Hora 17:44', '2015-06-25 22:44:58', '2015-06-25 22:44:58'),
(451, 110, 2, 1, '100', '25 de junio - 17:45', 'jueves, 25 de junio de 2015, Hora 17:45', '2015-06-25 22:45:02', '2015-06-25 22:45:02'),
(452, 110, 2, 1, '200', '25 de junio - 17:45', 'jueves, 25 de junio de 2015, Hora 17:45', '2015-06-25 22:45:07', '2015-06-25 22:45:07'),
(453, 111, 2, 1, '500', '25 de junio - 17:46', 'jueves, 25 de junio de 2015, Hora 17:46', '2015-06-25 22:46:52', '2015-06-25 22:46:52'),
(454, 111, 2, 1, '200', '25 de junio - 17:46', 'jueves, 25 de junio de 2015, Hora 17:46', '2015-06-25 22:46:56', '2015-06-25 22:46:56'),
(455, 111, 2, 1, '100', '25 de junio - 17:46', 'jueves, 25 de junio de 2015, Hora 17:46', '2015-06-25 22:46:59', '2015-06-25 22:46:59'),
(456, 112, 2, 1, '100', '25 de junio - 17:48', 'jueves, 25 de junio de 2015, Hora 17:48', '2015-06-25 22:48:15', '2015-06-25 22:48:15'),
(457, 112, 2, 1, '200', '25 de junio - 17:48', 'jueves, 25 de junio de 2015, Hora 17:48', '2015-06-25 22:48:20', '2015-06-25 22:48:20'),
(458, 112, 2, 1, '500', '25 de junio - 17:48', 'jueves, 25 de junio de 2015, Hora 17:48', '2015-06-25 22:48:23', '2015-06-25 22:48:23'),
(459, 113, 2, 1, '500', '25 de junio - 17:49', 'jueves, 25 de junio de 2015, Hora 17:49', '2015-06-25 22:49:00', '2015-06-25 22:49:00'),
(460, 113, 2, 1, '200', '25 de junio - 17:49', 'jueves, 25 de junio de 2015, Hora 17:49', '2015-06-25 22:49:03', '2015-06-25 22:49:03'),
(461, 113, 2, 1, '100', '25 de junio - 17:49', 'jueves, 25 de junio de 2015, Hora 17:49', '2015-06-25 22:49:06', '2015-06-25 22:49:06'),
(462, 114, 2, 1, '200', '25 de junio - 17:50', 'jueves, 25 de junio de 2015, Hora 17:50', '2015-06-25 22:50:45', '2015-06-25 22:50:45'),
(463, 114, 2, 1, '1000', '25 de junio - 17:50', 'jueves, 25 de junio de 2015, Hora 17:50', '2015-06-25 22:50:48', '2015-06-25 22:50:48'),
(464, 114, 2, 1, '200', '25 de junio - 17:50', 'jueves, 25 de junio de 2015, Hora 17:50', '2015-06-25 22:50:51', '2015-06-25 22:50:51'),
(465, 114, 2, 1, '100', '25 de junio - 17:50', 'jueves, 25 de junio de 2015, Hora 17:50', '2015-06-25 22:50:54', '2015-06-25 22:50:54'),
(466, 115, 2, 1, '200', '25 de junio - 17:52', 'jueves, 25 de junio de 2015, Hora 17:52', '2015-06-25 22:52:19', '2015-06-25 22:52:19'),
(467, 115, 2, 1, '100', '25 de junio - 17:52', 'jueves, 25 de junio de 2015, Hora 17:52', '2015-06-25 22:52:22', '2015-06-25 22:52:22'),
(468, 115, 2, 1, '1000', '25 de junio - 17:52', 'jueves, 25 de junio de 2015, Hora 17:52', '2015-06-25 22:52:24', '2015-06-25 22:52:24'),
(469, 115, 2, 1, '500', '25 de junio - 17:52', 'jueves, 25 de junio de 2015, Hora 17:52', '2015-06-25 22:52:27', '2015-06-25 22:52:27');

-- --------------------------------------------------------

--
-- Estructura de tabla para la tabla `alcancias`
--

CREATE TABLE IF NOT EXISTS `alcancias` (
`id` int(10) unsigned NOT NULL,
  `referencia` varchar(255) COLLATE utf8_unicode_ci NOT NULL,
  `nombre` varchar(255) COLLATE utf8_unicode_ci NOT NULL,
  `ubicacion` varchar(255) COLLATE utf8_unicode_ci NOT NULL,
  `email` varchar(100) COLLATE utf8_unicode_ci NOT NULL,
  `password` varchar(64) COLLATE utf8_unicode_ci NOT NULL,
  `remember_token` varchar(100) COLLATE utf8_unicode_ci NOT NULL,
  `created_at` timestamp NOT NULL DEFAULT '0000-00-00 00:00:00',
  `updated_at` timestamp NOT NULL DEFAULT '0000-00-00 00:00:00'
) ENGINE=InnoDB AUTO_INCREMENT=3 DEFAULT CHARSET=utf8 COLLATE=utf8_unicode_ci;

--
-- Volcado de datos para la tabla `alcancias`
--

INSERT INTO `alcancias` (`id`, `referencia`, `nombre`, `ubicacion`, `email`, `password`, `remember_token`, `created_at`, `updated_at`) VALUES
(1, '123abc', 'Piggy 1.0', 'Trigger', 'Piggy@algo.es', '$2y$10$ZfMVsi8B.AwL1xjnNTgCK.X5IOu9XvNtC4Mp5c2817ua4iOO49Q56', 'rowU0F2C6RM5rXn6vpIbCnYtu8Ro09VHVSOnX9vqjANyjXfKDQEgTg0kzxwm', '2015-06-04 22:21:13', '2015-06-04 22:24:55'),
(2, '123abc', 'Piggy G ', 'Zona G', 'zonag@algo.es', '$2y$10$ZfMVsi8B.AwL1xjnNTgCK.X5IOu9XvNtC4Mp5c2817ua4iOO49Q56', 'rowU0F2C6RM5rXn6vpIbCnYtu8Ro09VHVSOnX9vqjANyjXfKDQEgTg0kzxwm', '2015-06-04 22:21:13', '2015-06-04 22:24:55');

-- --------------------------------------------------------

--
-- Estructura de tabla para la tabla `estado_puerta`
--

CREATE TABLE IF NOT EXISTS `estado_puerta` (
`id` int(10) unsigned NOT NULL,
  `user_id` int(11) NOT NULL,
  `alcancia_id` int(11) NOT NULL,
  `token` varchar(255) COLLATE utf8_unicode_ci NOT NULL,
  `estado` tinyint(1) NOT NULL,
  `created_at` timestamp NOT NULL DEFAULT '0000-00-00 00:00:00',
  `updated_at` timestamp NOT NULL DEFAULT '0000-00-00 00:00:00'
) ENGINE=InnoDB AUTO_INCREMENT=2 DEFAULT CHARSET=utf8 COLLATE=utf8_unicode_ci;

--
-- Volcado de datos para la tabla `estado_puerta`
--

INSERT INTO `estado_puerta` (`id`, `user_id`, `alcancia_id`, `token`, `estado`, `created_at`, `updated_at`) VALUES
(1, 2, 1, '123456', 0, '2015-06-25 05:00:00', '2015-06-25 22:53:28');

-- --------------------------------------------------------

--
-- Estructura de tabla para la tabla `groups`
--

CREATE TABLE IF NOT EXISTS `groups` (
`id` int(10) unsigned NOT NULL,
  `name` varchar(255) COLLATE utf8_unicode_ci NOT NULL,
  `permissions` text COLLATE utf8_unicode_ci,
  `created_at` timestamp NOT NULL DEFAULT '0000-00-00 00:00:00',
  `updated_at` timestamp NOT NULL DEFAULT '0000-00-00 00:00:00'
) ENGINE=InnoDB AUTO_INCREMENT=2 DEFAULT CHARSET=utf8 COLLATE=utf8_unicode_ci;

--
-- Volcado de datos para la tabla `groups`
--

INSERT INTO `groups` (`id`, `name`, `permissions`, `created_at`, `updated_at`) VALUES
(1, 'Users', '{"admin":1,"users":1}', '2015-06-04 22:29:56', '2015-06-04 22:29:56');

-- --------------------------------------------------------

--
-- Estructura de tabla para la tabla `migrations`
--

CREATE TABLE IF NOT EXISTS `migrations` (
  `migration` varchar(255) COLLATE utf8_unicode_ci NOT NULL,
  `batch` int(11) NOT NULL
) ENGINE=InnoDB DEFAULT CHARSET=utf8 COLLATE=utf8_unicode_ci;

--
-- Volcado de datos para la tabla `migrations`
--

INSERT INTO `migrations` (`migration`, `batch`) VALUES
('2015_06_02_221346_create_users_table', 1),
('2015_06_04_171109_create_table_alcancias', 2),
('2012_12_06_225921_migration_cartalyst_sentry_install_users', 3),
('2012_12_06_225929_migration_cartalyst_sentry_install_groups', 3),
('2012_12_06_225945_migration_cartalyst_sentry_install_users_groups_pivot', 3),
('2012_12_06_225988_migration_cartalyst_sentry_install_throttle', 3),
('2015_06_04_175312_create_table_ahorro', 4),
('2015_06_09_142556_create_portafolios_table', 5),
('2015_06_22_100105_create_tokens_table', 6),
('2015_06_22_104807_add_api_token_users_table', 7),
('2015_06_25_165851_crate_table_estado_puerta', 8);

-- --------------------------------------------------------

--
-- Estructura de tabla para la tabla `portafolios`
--

CREATE TABLE IF NOT EXISTS `portafolios` (
`id` int(10) unsigned NOT NULL,
  `nombre` varchar(255) COLLATE utf8_unicode_ci NOT NULL,
  `descripcion` text COLLATE utf8_unicode_ci NOT NULL,
  `created_at` timestamp NOT NULL DEFAULT '0000-00-00 00:00:00',
  `updated_at` timestamp NOT NULL DEFAULT '0000-00-00 00:00:00'
) ENGINE=InnoDB AUTO_INCREMENT=5 DEFAULT CHARSET=utf8 COLLATE=utf8_unicode_ci;

--
-- Volcado de datos para la tabla `portafolios`
--

INSERT INTO `portafolios` (`id`, `nombre`, `descripcion`, `created_at`, `updated_at`) VALUES
(1, 'Sin riesgo', 'Lorem Ipsum es simplemente el texto de relleno de las imprentas y archivos de texto. Lorem Ipsum ha sido el texto de relleno estándar de las industrias desde el año 1500, cuando un impresor (N. del T. persona que se dedica a la imprenta) desconocido usó una galería de textos y los mezcló de tal manera que logró hacer un libro de textos especimen.', '0000-00-00 00:00:00', '0000-00-00 00:00:00'),
(2, 'Conservador', 'Lorem Ipsum es simplemente el texto de relleno de las imprentas y archivos de texto. Lorem Ipsum ha sido el texto de relleno estándar de las industrias desde el año 1500, cuando un impresor (N. del T. persona que se dedica a la imprenta) desconocido usó una galería de textos y los mezcló de tal manera que logró hacer un libro de textos especimen.', '0000-00-00 00:00:00', '0000-00-00 00:00:00'),
(3, 'Moderado', 'Lorem Ipsum es simplemente el texto de relleno de las imprentas y archivos de texto. Lorem Ipsum ha sido el texto de relleno estándar de las industrias desde el año 1500, cuando un impresor (N. del T. persona que se dedica a la imprenta) desconocido usó una galería de textos y los mezcló de tal manera que logró hacer un libro de textos especimen.', '0000-00-00 00:00:00', '0000-00-00 00:00:00'),
(4, 'Agresivo', 'Lorem Ipsum es simplemente el texto de relleno de las imprentas y archivos de texto. Lorem Ipsum ha sido el texto de relleno estándar de las industrias desde el año 1500, cuando un impresor (N. del T. persona que se dedica a la imprenta) desconocido usó una galería de textos y los mezcló de tal manera que logró hacer un libro de textos especimen.', '0000-00-00 00:00:00', '0000-00-00 00:00:00');

-- --------------------------------------------------------

--
-- Estructura de tabla para la tabla `throttle`
--

CREATE TABLE IF NOT EXISTS `throttle` (
`id` int(10) unsigned NOT NULL,
  `user_id` int(10) unsigned DEFAULT NULL,
  `ip_address` varchar(255) COLLATE utf8_unicode_ci DEFAULT NULL,
  `attempts` int(11) NOT NULL DEFAULT '0',
  `suspended` tinyint(1) NOT NULL DEFAULT '0',
  `banned` tinyint(1) NOT NULL DEFAULT '0',
  `last_attempt_at` timestamp NULL DEFAULT NULL,
  `suspended_at` timestamp NULL DEFAULT NULL,
  `banned_at` timestamp NULL DEFAULT NULL
) ENGINE=InnoDB AUTO_INCREMENT=22 DEFAULT CHARSET=utf8 COLLATE=utf8_unicode_ci;

--
-- Volcado de datos para la tabla `throttle`
--

INSERT INTO `throttle` (`id`, `user_id`, `ip_address`, `attempts`, `suspended`, `banned`, `last_attempt_at`, `suspended_at`, `banned_at`) VALUES
(1, 2, '::1', 0, 0, 0, NULL, NULL, NULL),
(2, 2, '192.168.1.21', 0, 0, 0, NULL, NULL, NULL),
(3, 2, '192.168.1.21', 0, 0, 0, NULL, NULL, NULL),
(4, 2, '192.168.1.10', 0, 0, 0, NULL, NULL, NULL),
(5, 2, '192.168.1.10', 0, 0, 0, NULL, NULL, NULL),
(6, 3, '192.168.1.10', 0, 0, 0, NULL, NULL, NULL),
(7, 3, '192.168.1.21', 0, 0, 0, NULL, NULL, NULL),
(8, 2, '192.168.1.17', 0, 0, 0, '2015-06-09 14:37:33', NULL, NULL),
(9, 2, '192.168.1.17', 1, 0, 0, '2015-06-09 14:36:48', NULL, NULL),
(10, 10, '192.168.1.17', 4, 0, 0, '2015-06-10 22:18:56', NULL, NULL),
(11, 10, '192.168.1.17', 1, 0, 0, '2015-06-09 19:02:48', NULL, NULL),
(12, 2, '192.168.1.16', 0, 0, 0, NULL, NULL, NULL),
(13, 28, '192.168.1.16', 0, 0, 0, NULL, NULL, NULL),
(14, 34, '192.168.1.16', 0, 0, 0, NULL, NULL, NULL),
(15, 49, '192.168.1.10', 0, 0, 0, NULL, NULL, NULL),
(16, 49, '192.168.1.17', 0, 0, 0, NULL, NULL, NULL),
(17, 2, '192.168.1.29', 0, 0, 0, NULL, NULL, NULL),
(18, 2, '192.168.1.22', 0, 0, 0, NULL, NULL, NULL),
(19, 57, NULL, 0, 0, 0, NULL, NULL, NULL),
(20, 55, '192.168.1.21', 0, 0, 0, NULL, NULL, NULL),
(21, 55, '192.168.1.22', 0, 0, 0, NULL, NULL, NULL);

-- --------------------------------------------------------

--
-- Estructura de tabla para la tabla `tokens`
--

CREATE TABLE IF NOT EXISTS `tokens` (
`id` int(10) unsigned NOT NULL,
  `user_id` int(10) unsigned NOT NULL,
  `api_token` varchar(96) COLLATE utf8_unicode_ci NOT NULL,
  `expires_on` timestamp NOT NULL DEFAULT '0000-00-00 00:00:00',
  `client` varchar(255) COLLATE utf8_unicode_ci NOT NULL,
  `created_at` timestamp NOT NULL DEFAULT '0000-00-00 00:00:00',
  `updated_at` timestamp NOT NULL DEFAULT '0000-00-00 00:00:00'
) ENGINE=InnoDB AUTO_INCREMENT=9 DEFAULT CHARSET=utf8 COLLATE=utf8_unicode_ci;

--
-- Volcado de datos para la tabla `tokens`
--

INSERT INTO `tokens` (`id`, `user_id`, `api_token`, `expires_on`, `client`, `created_at`, `updated_at`) VALUES
(5, 2, '4e3d66bf14345a67f2379299393f7698b7fbad5a7e5c5ca7a3144653f193ead3', '2015-07-25 21:01:37', '1||||Safari|4|||AndroidOS||||||A|3|1', '2015-06-25 21:01:37', '2015-06-25 21:01:37'),
(6, 2, 'dcde6a17b22a126ede2f2f509cd42298f8d39babf5212977399910f155cfaac9', '2015-07-25 21:02:04', '||1||Chrome||||Win8.1|||||||1|1', '2015-06-25 21:02:04', '2015-06-25 21:02:04'),
(7, 55, '8c96746e2a00575aefa5a8d78194eaa560db54cfb2b16ed94e054aa2179bb562', '2015-07-25 21:04:21', '||1||Chrome||||Win8.1|||||||1|1', '2015-06-25 21:04:21', '2015-06-25 21:04:21'),
(8, 55, '376e75f16dfa632a0bc0384898e87abce3ac4ac3d40b5c42f78ff7ac885aebe1', '2015-07-25 21:07:49', '1||||Safari|4|||AndroidOS||||||A|3|1', '2015-06-25 21:07:49', '2015-06-25 21:07:49');

-- --------------------------------------------------------

--
-- Estructura de tabla para la tabla `users`
--

CREATE TABLE IF NOT EXISTS `users` (
`id` int(10) unsigned NOT NULL,
  `tag` varchar(255) COLLATE utf8_unicode_ci NOT NULL,
  `portafolio_id` int(11) NOT NULL,
  `first_name` varchar(255) COLLATE utf8_unicode_ci DEFAULT NULL,
  `last_name` varchar(255) COLLATE utf8_unicode_ci DEFAULT NULL,
  `email` varchar(255) COLLATE utf8_unicode_ci NOT NULL,
  `cedula` varchar(100) COLLATE utf8_unicode_ci NOT NULL,
  `password` varchar(255) COLLATE utf8_unicode_ci NOT NULL,
  `permissions` text COLLATE utf8_unicode_ci,
  `activated` tinyint(1) NOT NULL DEFAULT '0',
  `activation_code` varchar(255) COLLATE utf8_unicode_ci DEFAULT NULL,
  `activated_at` timestamp NULL DEFAULT NULL,
  `last_login` timestamp NULL DEFAULT NULL,
  `persist_code` varchar(255) COLLATE utf8_unicode_ci DEFAULT NULL,
  `reset_password_code` varchar(255) COLLATE utf8_unicode_ci DEFAULT NULL,
  `created_at` timestamp NOT NULL DEFAULT '0000-00-00 00:00:00',
  `updated_at` timestamp NOT NULL DEFAULT '0000-00-00 00:00:00'
) ENGINE=InnoDB AUTO_INCREMENT=58 DEFAULT CHARSET=utf8 COLLATE=utf8_unicode_ci;

--
-- Volcado de datos para la tabla `users`
--

INSERT INTO `users` (`id`, `tag`, `portafolio_id`, `first_name`, `last_name`, `email`, `cedula`, `password`, `permissions`, `activated`, `activation_code`, `activated_at`, `last_login`, `persist_code`, `reset_password_code`, `created_at`, `updated_at`) VALUES
(2, '1491825229', 4, 'Jefferson', 'Rivera', 'jefersonpatino@yahoo.es', '', '$2y$10$Goq5HMfIgJfzwjCIjJUCU.bQ4RQQ3pIAEGNqNJM2Zh6WPc81v/vwW', NULL, 1, NULL, NULL, '2015-06-25 22:52:29', '$2y$10$Kt5njDXQi.LksEtAcHwmY.heGwh8dkZNCH46leZDoG0m5XKIVTd4i', NULL, '2015-06-04 22:31:09', '2015-06-25 22:52:29'),
(3, '5197231978', 0, 'Alberto', 'Gonzales', 'a@b.c', '', '$2y$10$fzRT0VAbOxCKGSkHOTU25ehjpuhxpCcMUA/5TfdStLhko9Le3z.Jy', NULL, 1, NULL, NULL, '2015-06-25 19:36:29', '$2y$10$dvABZy9rBdfm3RpE1dg1S./QSN3X1SDJANhzvoBtEaeQeN1HXq9g2', NULL, '2015-06-04 21:35:20', '2015-06-25 19:36:29'),
(10, '', 0, 'Angie', 'Diaz Galeano', 'riverajefer@gmail.com', '1032461591', '$2y$10$N5A9AZtdb66paxaMoMlORuH0Cs2WoLp0ih1wP/.GQibQdruMEJjJ2', NULL, 1, NULL, NULL, '2015-06-05 16:47:21', '$2y$10$Vlix.VNi7O0qVkXvEwfu2eQCilVvAWd.Dg/MutXAXy1dK6hsjO8uW', NULL, '2015-06-05 16:47:21', '2015-06-05 16:47:21'),
(11, '', 0, 'juan', 'gomez', 'jg@gg.com', '1239', '$2y$10$PbS4CG358pGXbsFwxycoW.VMasa7SlRV2Bb8o5GGTOdS7gArd2hle', NULL, 1, NULL, NULL, '2015-06-05 19:59:32', '$2y$10$Q.4dyKGCtejp3vFmC6.ZEOJb64GgWbfKcJbSQNCy28tZlJ1a3FnNW', NULL, '2015-06-05 19:59:32', '2015-06-05 19:59:32'),
(12, '', 0, 'dfdf', 'dfdf', 'admin@opiniofy.com', '34344', '$2y$10$DOuuXDtU0ZeT3jDyH/PTxuHFxcQebgwM..LZRHNP/nPwd35UWO7qm', NULL, 1, NULL, NULL, '2015-06-05 21:14:19', '$2y$10$axMsUW7USZdkt.i9iP/thuDSCmme2T0qIC7e3F0rjMrc1n/.LXclu', NULL, '2015-06-05 21:14:19', '2015-06-05 21:14:19'),
(13, '', 0, 'ghcn', 'gbbv', 'hjg@ghhg.vg', '123654', '$2y$10$Xg1eHXl4snSjuOWqVRpoXeACU4ki8.ZAd29qkvxocrh9up/H0GcJm', NULL, 1, NULL, NULL, '2015-06-05 21:18:10', '$2y$10$ADunPgRbfaLqaAWthZaZyeiXca3xAJhzPQ4djLqYuV9pbSfUF72Di', NULL, '2015-06-05 21:18:10', '2015-06-05 21:18:10'),
(14, '', 0, 'Angie', 'Diaz Galeano', 'admin@opiniofy.coma', '3232323', '$2y$10$Wtc93XZ8DLTVrokwssB9KuHhAgRklPMEtUTXfmscwP6JnUimNAgbG', NULL, 1, NULL, NULL, '2015-06-05 21:55:52', '$2y$10$3l4yYYW1UEUZiw/NBVGez.rg5e.dPXpJMDVGjXNthrYJmGZbr4JVG', NULL, '2015-06-05 21:55:51', '2015-06-05 21:55:52'),
(15, '', 0, 'gjg', 'ghjj', 'gjg@ghj.com', '55878', '$2y$10$536z6kDybIR6YopJP5Ws3O41.a6fj4wWsPW5n1hyb3KNqtnJjat/O', NULL, 1, NULL, NULL, '2015-06-05 22:31:56', '$2y$10$qZYVuKNrCxlJSXEfWIJ0Z.STaFjRRNc7EStTwuESPRVKhuEeuscI2', NULL, '2015-06-05 22:31:55', '2015-06-05 22:31:56'),
(16, '', 0, 'Angie', 'Diaz Galeano', 'riverajefer3@gmail.com', '1032461591', '$2y$10$fLI9JFk.XR91ZRw0uaNBn.IYnUexmmRxrmyy2M/VzlhrPB/Kjvv.e', NULL, 1, NULL, NULL, '2015-06-09 15:20:48', '$2y$10$lu7IfTqrIkblppnEPjqWB.5Egt.bFbwir/Ofcas9a3LTa2Tmdokfq', NULL, '2015-06-09 15:20:48', '2015-06-09 15:20:48'),
(17, '', 0, 'vjg', 'gjgg', 'cjh@gh.g', '5688988', '$2y$10$OndOJ92Srpa2My7BZ2laZ./75XluzXwW9yJe5eNu.tMWZWaJkzSe.', NULL, 1, NULL, NULL, '2015-06-09 18:48:07', '$2y$10$XPJpnn4gyNDTINHUETH4cuHvHQT6flW8lV7Vuc0Q1Mk7SqtQIdKgK', NULL, '2015-06-09 18:48:07', '2015-06-09 18:48:07'),
(18, '', 0, 'Jose', 'Ruiz', 'jruiz@gmail.com', '9988774', '$2y$10$zUmvAaqEW5menaNNwHtGhOp.fUrvG32q./ohgYU6w24GsladPr.8i', NULL, 1, NULL, NULL, '2015-06-09 19:14:00', '$2y$10$LRaPLEcFjzaScubbg4T0HOnctV/Ri0bqupAwc9fiqkqG0fc5ihyCa', NULL, '2015-06-09 19:13:59', '2015-06-09 19:14:00'),
(19, '', 0, 'Angie', 'Diaz Galeano', 'riverajefer@gmail.come', '1032461591', '$2y$10$WyyWHrAcXN1e4QrsT41RjemOjOIfrRfOQKyy8gGhgcERNzuc8w.Wq', NULL, 1, NULL, NULL, '2015-06-09 23:12:44', '$2y$10$hg0NC6WbUvDLvr.dtIG3recgpq/ypemnhgCn9kW.MT2gwCpCnR88.', NULL, '2015-06-09 23:12:43', '2015-06-09 23:12:44'),
(20, '', 0, 'Jose', 'Lopez', 'jefersonpatino@yahoo.es2', '1032461591', '$2y$10$SIK6JrhxXC.rgNDgMYB0NuTU538mXVm889gE7QPTCVxfX/3vef5eq', NULL, 1, NULL, NULL, '2015-06-09 23:14:53', '$2y$10$Hqt573zNM9ikPZLuhg5EDu.K7Ky6mIlFLxYJe9C0zGV/5VLlzwVDu', NULL, '2015-06-09 23:14:52', '2015-06-09 23:14:53'),
(21, '', 2, 'Jose', 'Gomez', 'riverajefer@gmail.com.co', '1032461591', '$2y$10$qKxG3wnraRLK1efPBjXsOOo03RV099Eivp5AQ.TBIOl8nSFE1lzUa', NULL, 1, NULL, NULL, '2015-06-09 23:16:16', '$2y$10$FVS9orcGPEckCQxmSsTAjeWerKguEaXD.eMsT0q/RJRdEayuhKzoO', NULL, '2015-06-09 23:16:16', '2015-06-09 23:16:37'),
(22, '', 2, 'Juan', 'Ruiz', 'a@b.d', '123688488', '$2y$10$rEsxIRkGAMSt/Rmam2CIdeHM6e.Mtp8MCJyuw/GRqC3PZeNwDYK6G', NULL, 1, NULL, NULL, '2015-06-09 23:32:34', '$2y$10$KVB5lOsVtMuK6g465mw83.Ea.7czBUVjdDL8erCGDS2g07wB4gQO2', NULL, '2015-06-09 23:32:34', '2015-06-09 23:32:43'),
(23, '1234567898', 4, 'Angie', 'Diaz Galeano', 'riverajefer@gmail.com6', '4545454', '$2y$10$yH2vDMn3sx.DYHdkznB6se9cN9s/alFAU12DTunUdl0zLWyqaAqfW', NULL, 1, NULL, NULL, '2015-06-10 14:45:36', '$2y$10$CWpDivpWjubNlcQVUHrCkeBPdTQBRVcu.6AO/YAkyXfT.DDtQg3lu', NULL, '2015-06-10 14:45:36', '2015-06-10 15:30:58'),
(24, '123456789', 3, 'Jhon', 'Doe', 'doe@gmail.com', '123456789', '$2y$10$6mVna4lHGbgEWXsJC6VAjuphFynBy3yo5oxowboAG.UEBAFOfWQU2', NULL, 1, NULL, NULL, '2015-06-10 15:31:59', '$2y$10$/F4Jt1AWRLP/I7h2blAIheFzSMfzDgbONb8fN656Cf0ZGw.qFU8m6', NULL, '2015-06-10 15:31:58', '2015-06-10 15:32:09'),
(25, '123456', 3, 'Jhon', 'Doe', 'jhon@yahoo.es', '123456789', '$2y$10$aEJC8ZI3c4pAJHyqp993tePBpeHPmww/XaXLm/VvJ91sZXRmS7qo6', NULL, 1, NULL, NULL, '2015-06-10 15:36:23', '$2y$10$AL692TYLqDkSczSKV02jS.UgpxXZRjHZ5sghNZl1y05yxKyzGEFby', NULL, '2015-06-10 15:36:22', '2015-06-10 15:36:35'),
(26, '1234567898222', 1, 'Angie', 'Diaz Galeano', 'riverajefer@gmail.comsa', '2121212121', '$2y$10$KPIHXOwVWFWNG2ZfT3XsH.So.jRlw4rKnRzwwYEMeLMsim4IiXICK', NULL, 1, NULL, NULL, '2015-06-10 15:38:44', '$2y$10$z5pDLi/D0Ua2wpJokanzLu6BRizrbxNji9PRqUSsmLfFKtqvlkmlW', NULL, '2015-06-10 15:38:43', '2015-06-10 15:51:35'),
(27, '1234567891', 1, 'Angie', 'Diaz Galeano', 'riverajefer@gmail.comw', '21545134', '$2y$10$t.HPvCIexk7qh7ndJoyFdO7pbVbF5sZEmvUbFS1286rMzdxdp92R6', NULL, 1, NULL, NULL, '2015-06-10 15:52:54', '$2y$10$/UhJIwQ/vnwP6k2lTcpbDOIeaZwxUWaeT6.qoXOnYmYowH7qpJL.G', NULL, '2015-06-10 15:52:54', '2015-06-10 15:59:49'),
(30, '', 0, 'Jhon', 'Doe', 'jd@yahoo.es', '123654', '$2y$10$D.ZMvG9tvvj2ZqkyBmJZbOrG0X2Ly7iY.8Ty5n4/WAw/6MZqIecyW', NULL, 1, NULL, NULL, '2015-06-10 20:58:48', '$2y$10$wrxxLUpJpWtMeNg1hXk/lexG5acCKGL/nZLK/2UqZk82VoUTn6Mxi', NULL, '2015-06-10 20:58:48', '2015-06-10 20:58:48'),
(31, '', 0, 'Angie', 'Diaz Galeano', 'riverajefer@gmail.comww', '1032461591', '$2y$10$pv1XswjEpE/Olh7GILR1V.Sn3T0CrtzMmkn1uGFcib1s8x/d4i3jW', NULL, 1, NULL, NULL, '2015-06-10 21:01:01', '$2y$10$9pQGAbT8aAZqBUxawORPAO5OdTCzOqcFVW/OVtaKkh2.5gjmxKpKq', NULL, '2015-06-10 21:01:01', '2015-06-10 21:01:01'),
(32, '245545454', 3, 'Angie', 'Diaz Galeano', 'riverajefer@gmail.comq', '1032461591', '$2y$10$z4rs1WP4DD.BRI10fAPwuO1i9uyDMzLuDSYy6dmLLR2kky8/45hCe', NULL, 1, NULL, NULL, '2015-06-10 21:02:27', '$2y$10$lBscZBIvAsTSps66zhyDTuWcNJ8yhjcR5eStdh6bWl35j4A4V50sy', NULL, '2015-06-10 21:02:26', '2015-06-10 21:02:36'),
(33, '12236557', 2, 'Lucas', 'Perez', 'hfg@ghg.hh', '1236874', '$2y$10$vvN8.ZiCnlJFg1dWTGXjl.GAL0oV4krHS.ijhjz2CVHkdD9FjDo1a', NULL, 1, NULL, NULL, '2015-06-10 21:04:13', '$2y$10$wHkwWzIkM9FNJnNOhExezOcVfjIVduDTAXJOoUD6bOE1AuzLFGKgK', NULL, '2015-06-10 21:04:13', '2015-06-10 21:04:31'),
(36, '1234567890', 0, 'Angie', 'Diaz Galeano', 'riverajefer@gmail.comwewewe', '1032461591', '$2y$10$OhAU4n6PFf/OMV2QOVQJcugHJy3Zz9d5OxEFe9YLn22lqF3M/Ix8O', NULL, 1, NULL, NULL, '2015-06-10 21:42:23', '$2y$10$spSoOUPyR8E.Fpjojn8dnu5W3E1DFZMcEdTdY1ZoHpWGcTnW7LQjS', NULL, '2015-06-10 21:42:23', '2015-06-10 21:42:40'),
(37, '123478', 3, 'Angie', 'Diaz Galeano', 'riverajefer@gmail.comqqqqq', '12121212', '$2y$10$Pak8zBI65Y.ifzjL2lLXL.zpbpoKhvyVrTWRkbZrKhGO609Siwucm', NULL, 1, NULL, NULL, '2015-06-10 21:43:58', '$2y$10$FODZmE6dBJulJU.VvqyEq.fEwyUQn20Qjszpf7HhV5Y0E.g1Y3t8O', NULL, '2015-06-10 21:43:58', '2015-06-10 21:44:07'),
(38, '123423232323', 2, 'Lucas', 'Perez', 'kkjsd@asas.com', '1726712162', '$2y$10$KXeTO3Ga0/sX7KmFhvjBqebj4l7AIrVBDJEVAGxYzl5KgRv3WdDM6', NULL, 1, NULL, NULL, '2015-06-10 22:04:30', '$2y$10$Ubukl1zmM5RKLaCEpmDak.zicjt63Pw2B.V2hL8boWZ8yvcNMoWIu', NULL, '2015-06-10 22:04:30', '2015-06-10 22:04:39'),
(39, '123455432456', 1, 'Angie', 'Diaz Galeano', 'riverajefer@gmail.comrr', '1032461591', '$2y$10$98r4EhNfMs1KgWMlggF0zeBMpk6nnEI4mmOSH5IwAIsoRBCIVNWa2', NULL, 1, NULL, NULL, '2015-06-11 15:14:49', '$2y$10$./MNHzPvBNyjxP8QjUFbWeTZZoTEqcI1.puiON0ciaevEIaFzKT6O', NULL, '2015-06-11 15:14:48', '2015-06-11 15:16:09'),
(40, '485542', 0, 'gjhg', 'bhgg', 'bbv@gh.gf', '55555', '$2y$10$0kjrlT4s7rTvCEbG./9wbuUx1f08sQ7iZg2f1J3jmDsblxm9AUwKG', NULL, 1, NULL, NULL, '2015-06-11 15:18:59', '$2y$10$Snrhis1shZto87BNSXxfP.jSORzS.hHXVpfETXTtqiPmLY6VYnRRK', NULL, '2015-06-11 15:18:58', '2015-06-11 15:19:03'),
(41, '9999999', 0, 'cbbvg', 'cbvc', 'vjh@ghh.hf', '17584', '$2y$10$Lq0hCFcm/0mKZd1ibFsg1uHer5uvVz7chXX/KdXDqN/DJ6gM3./7C', NULL, 1, NULL, NULL, '2015-06-11 15:21:30', '$2y$10$ejDWpKxM0Te3FqhrcB.q3.IrPQ6vDb3QrXAHlHoJlRWAotQ0H0luK', NULL, '2015-06-11 15:21:30', '2015-06-11 15:21:34'),
(42, '4545454545', 0, 'Angie', 'Diaz Galeano', 'riverajefer@gmail.cossm', '1032461591', '$2y$10$NYofjUlsM/vCxpXfXoVx4en/ADHiKVhp9OkHRXq.1vAj.YrqeXO4G', NULL, 1, NULL, NULL, '2015-06-11 15:34:20', '$2y$10$.zJkL8rhnrAQAr.FqXqeWO1PxD3mH1s4FP4ZXLQeUzbowBkU7kp1S', NULL, '2015-06-11 15:34:20', '2015-06-11 15:34:24'),
(43, '34343434', 1, 'Angie', 'Diaz Galeano', 'riverajefer@gmail.comeee', '1032461591', '$2y$10$TKhcUzLbbK9kMev353g.weHczIspHsoUZw5egMsyQwwPdKaMjr6Y6', NULL, 1, NULL, NULL, '2015-06-11 15:48:24', '$2y$10$0DkZwgF.s2UnkkS2EF5UzOOBYxrmyb9XfHjx0cA/7n/SeVWHtFOjm', NULL, '2015-06-11 15:48:24', '2015-06-11 16:53:47'),
(44, '545545444', 2, 'fhgff', 'gjgg', 'gh@gh.g', '455444', '$2y$10$YgOwtY71i7FPr7j7TycOzOhv11X7ymKoSsAMnyq/sOZc86wS479Li', NULL, 1, NULL, NULL, '2015-06-11 15:59:17', '$2y$10$2pQTvbkQGOnrVU9PQuzSj..IgwfNx4ctQ1MHh6Jkp07ztoDpVT1qi', NULL, '2015-06-11 15:59:17', '2015-06-11 16:03:00'),
(45, '1212121212', 2, 'sdsd', 'Diaz Galeano', 'riverajefer@gmddfail.com', '1032461591', '$2y$10$rGW36Ec02kP2Mday6Jsdk.VU8Si5W4HDGN4BNbLxNa7xOSk42HzD6', NULL, 1, NULL, NULL, '2015-06-11 17:33:18', '$2y$10$buSR.V.xot.9POpUHBn0jeALBLAzuj.X7CIMk6KJPPcIiNdfBBEpe', NULL, '2015-06-11 17:33:17', '2015-06-11 17:33:29'),
(46, '12345874', 4, 'Angie', 'Diaz Galeano', 'riverajefer@gmail.comp', '1032461591', '$2y$10$akhAUQhOcNob1fEkFlYqluuk.fcN4a3lt2B/2ATD9X8rXWKUDGld.', NULL, 1, NULL, NULL, '2015-06-16 16:04:25', '$2y$10$X8dXXuCT9e/WCEZKNM.pG.vTuLFpSvgQ.vAhP0KzaSZ1MTdUeRJL.', NULL, '2015-06-16 16:04:24', '2015-06-16 16:04:38'),
(47, '8554668', 3, 'Lucas', 'Gomez', 'lucas@gmail.com', '1158454587', '$2y$10$AxIurdPeUuCYgmhbLGvkou3QsF7qSrTZwXGuL6hDPAfK2DwIC25yi', NULL, 1, NULL, NULL, '2015-06-16 17:09:52', '$2y$10$8hOLNOPdLwGKT5tRFbWbbesw10afBCnezOeoGTapusdU4m6rEYhua', NULL, '2015-06-16 17:09:52', '2015-06-16 17:09:59'),
(49, '2112430212', 4, 'Luis', 'Iregui', 'la.iregui@gmail.com', '80196707', '$2y$10$/fQVO/XT1OoO/HOtotWw3u5eT2N5gEOw4u.34QaDG8CADm1nYWfBO', NULL, 1, NULL, NULL, '2015-06-17 20:12:04', '$2y$10$JWOW13uY.xPHH15vtGmrv.ctnmQDLNarMvAWQYyj91yBhb5FTDLla', NULL, '2015-06-17 20:00:59', '2015-06-17 20:12:04'),
(50, '99951235', 4, 'Rodrigo', 'Lopez', 'rlopez@gmail.com', '1236877', '$2y$10$KU.lSAlszyyzxlMQ.QSfLelOD7f7URTHLlNQEPemzZ2kL8Kgf9osK', NULL, 1, NULL, NULL, '2015-06-18 20:16:06', '$2y$10$lJOZSJWYIme5poDAGtjOweD95Ay7ZV928PO3ohpmHBTJqzxv6xxay', NULL, '2015-06-18 20:16:06', '2015-06-18 20:16:26'),
(51, '', 0, 'Dario', 'Laguado', 'dariolaguado@gmail.com', '80083899', '$2y$10$pw4H7WKwKMJUBpR7sI9LeOnh7mflUx9AXDZOjnpUJ0GP8xYIbLAXK', NULL, 1, NULL, NULL, '2015-06-18 22:24:07', '$2y$10$lygkwI0pmcC0fguGDMAYl.eGaY4.JHNFgKR5KVCFMf673BNqHSQpG', NULL, '2015-06-18 22:24:07', '2015-06-18 22:24:07'),
(52, '1364171145', 1, 'dario', 'laguado', 'a@a.com', '80083899', '$2y$10$s5Pnwg4iebVuqVd/2.VoOOpN8Gmo61UBMwcOLu9nhX50F/VuqOsaO', NULL, 1, NULL, NULL, '2015-06-18 22:25:46', '$2y$10$iED.9/6oDq8BqsOx/kc09Og4akR6fA/N0hboQ36R5Vz2Z5LXieOke', NULL, '2015-06-18 22:25:45', '2015-06-18 22:26:03'),
(53, '121123121212', 4, 'Angie', 'Diaz Galeano', 'riverajeferw@gmail.comqqqqq', '1032461591', '$2y$10$aIqljB.c.sTrKmxY.Br7Tu0OuWokiRz0RyPVHU3wQ5FccokeNr5Rm', NULL, 1, NULL, NULL, '2015-06-18 22:32:21', '$2y$10$hIw3QSAAnnTYyLyBYir26eSC2wKWmxypNBaIS8KMyF6fMUrfU6zaq', NULL, '2015-06-18 22:32:21', '2015-06-18 22:32:31'),
(54, '854874', 1, 'Angie', 'Diaz Galeano', 'jefersonpatino@yahoo.esa', '1032461591', '$2y$10$bRPbV85ciG.XHaRPzASWCeG5kLIfI0bHdpH3B8tUEy6pGjEzrdHYO', NULL, 1, NULL, NULL, '2015-06-19 16:27:28', '$2y$10$qbgZ9tNf9yjJzcy1fGIpJOBECud2A06y4dtVe0HB0IVO4irh99L12', NULL, '2015-06-19 16:27:28', '2015-06-19 16:27:33'),
(55, '519723197', 3, 'Pedro', 'Lopez', 'plopez@yahoo.es', '1032461591', '$2y$10$f947hRiY1VtqHRYvALHnxOcgP3oMzaYEOFzIDTTH50zuN5JW.WJMW', NULL, 1, NULL, NULL, '2015-06-25 21:09:55', '$2y$10$Y2akW9Q5zErn9vIPr473SOMbZBOgMok48A8SibhDPZPj0Sq5X5COq', NULL, '2015-06-19 16:38:22', '2015-06-25 21:09:55'),
(56, '123454', 2, 'Antonio', 'Lopez', 'alopez@yahoo.es', '1032461589', '$2y$10$6qjW9nK6eqwoV8U3Ig.fKePYD9QxzVHXauHFrDlkN.Sl7l4K5Ndw2', NULL, 1, NULL, NULL, '2015-06-22 20:34:02', '$2y$10$jACYGg0ckSmRYBUjH1np6uYW8Sa4iR8mFp9HrQUzGqVvqPfzzkk4S', NULL, '2015-06-22 20:34:02', '2015-06-22 20:34:21'),
(57, '3434343434', 3, 'Alejandra', 'Lopez', 'alejalopez@yahoo.es', '1032461591', '$2y$10$pXCq5S26elymr9ckPhayEepm1PksbEJfOu2iBlDooTNd12javbS.q', NULL, 1, NULL, NULL, '2015-06-25 20:51:10', '$2y$10$aWguitWI0.h5uRX8vOzRDeJg0pBFObkN.9ngDiq8HR.RdSlwMQqNm', NULL, '2015-06-22 20:36:15', '2015-06-25 20:51:10');

-- --------------------------------------------------------

--
-- Estructura de tabla para la tabla `users_groups`
--

CREATE TABLE IF NOT EXISTS `users_groups` (
  `user_id` int(10) unsigned NOT NULL,
  `group_id` int(10) unsigned NOT NULL
) ENGINE=InnoDB DEFAULT CHARSET=utf8 COLLATE=utf8_unicode_ci;

--
-- Volcado de datos para la tabla `users_groups`
--

INSERT INTO `users_groups` (`user_id`, `group_id`) VALUES
(2, 1),
(3, 1);

--
-- Índices para tablas volcadas
--

--
-- Indices de la tabla `ahorro`
--
ALTER TABLE `ahorro`
 ADD PRIMARY KEY (`id`);

--
-- Indices de la tabla `alcancias`
--
ALTER TABLE `alcancias`
 ADD PRIMARY KEY (`id`), ADD UNIQUE KEY `alcancias_email_unique` (`email`);

--
-- Indices de la tabla `estado_puerta`
--
ALTER TABLE `estado_puerta`
 ADD PRIMARY KEY (`id`);

--
-- Indices de la tabla `groups`
--
ALTER TABLE `groups`
 ADD PRIMARY KEY (`id`), ADD UNIQUE KEY `groups_name_unique` (`name`);

--
-- Indices de la tabla `portafolios`
--
ALTER TABLE `portafolios`
 ADD PRIMARY KEY (`id`);

--
-- Indices de la tabla `throttle`
--
ALTER TABLE `throttle`
 ADD PRIMARY KEY (`id`), ADD KEY `throttle_user_id_index` (`user_id`);

--
-- Indices de la tabla `tokens`
--
ALTER TABLE `tokens`
 ADD PRIMARY KEY (`id`);

--
-- Indices de la tabla `users`
--
ALTER TABLE `users`
 ADD PRIMARY KEY (`id`), ADD UNIQUE KEY `users_email_unique` (`email`), ADD KEY `users_activation_code_index` (`activation_code`), ADD KEY `users_reset_password_code_index` (`reset_password_code`);

--
-- Indices de la tabla `users_groups`
--
ALTER TABLE `users_groups`
 ADD PRIMARY KEY (`user_id`,`group_id`);

--
-- AUTO_INCREMENT de las tablas volcadas
--

--
-- AUTO_INCREMENT de la tabla `ahorro`
--
ALTER TABLE `ahorro`
MODIFY `id` int(10) unsigned NOT NULL AUTO_INCREMENT,AUTO_INCREMENT=470;
--
-- AUTO_INCREMENT de la tabla `alcancias`
--
ALTER TABLE `alcancias`
MODIFY `id` int(10) unsigned NOT NULL AUTO_INCREMENT,AUTO_INCREMENT=3;
--
-- AUTO_INCREMENT de la tabla `estado_puerta`
--
ALTER TABLE `estado_puerta`
MODIFY `id` int(10) unsigned NOT NULL AUTO_INCREMENT,AUTO_INCREMENT=2;
--
-- AUTO_INCREMENT de la tabla `groups`
--
ALTER TABLE `groups`
MODIFY `id` int(10) unsigned NOT NULL AUTO_INCREMENT,AUTO_INCREMENT=2;
--
-- AUTO_INCREMENT de la tabla `portafolios`
--
ALTER TABLE `portafolios`
MODIFY `id` int(10) unsigned NOT NULL AUTO_INCREMENT,AUTO_INCREMENT=5;
--
-- AUTO_INCREMENT de la tabla `throttle`
--
ALTER TABLE `throttle`
MODIFY `id` int(10) unsigned NOT NULL AUTO_INCREMENT,AUTO_INCREMENT=22;
--
-- AUTO_INCREMENT de la tabla `tokens`
--
ALTER TABLE `tokens`
MODIFY `id` int(10) unsigned NOT NULL AUTO_INCREMENT,AUTO_INCREMENT=9;
--
-- AUTO_INCREMENT de la tabla `users`
--
ALTER TABLE `users`
MODIFY `id` int(10) unsigned NOT NULL AUTO_INCREMENT,AUTO_INCREMENT=58;
/*!40101 SET CHARACTER_SET_CLIENT=@OLD_CHARACTER_SET_CLIENT */;
/*!40101 SET CHARACTER_SET_RESULTS=@OLD_CHARACTER_SET_RESULTS */;
/*!40101 SET COLLATION_CONNECTION=@OLD_COLLATION_CONNECTION */;
