-- phpMyAdmin SQL Dump
-- version 4.2.11
-- http://www.phpmyadmin.net
--
-- Servidor: 127.0.0.1
-- Tiempo de generación: 21-07-2015 a las 22:52:39
-- Versión del servidor: 5.6.21
-- Versión de PHP: 5.5.19

SET SQL_MODE = "NO_AUTO_VALUE_ON_ZERO";
SET time_zone = "+00:00";


/*!40101 SET @OLD_CHARACTER_SET_CLIENT=@@CHARACTER_SET_CLIENT */;
/*!40101 SET @OLD_CHARACTER_SET_RESULTS=@@CHARACTER_SET_RESULTS */;
/*!40101 SET @OLD_COLLATION_CONNECTION=@@COLLATION_CONNECTION */;
/*!40101 SET NAMES utf8 */;

--
-- Base de datos: `login_l4`
--

-- --------------------------------------------------------

--
-- Estructura de tabla para la tabla `ahorro`
--

CREATE TABLE IF NOT EXISTS `ahorro` (
`id` int(10) unsigned NOT NULL,
  `consecutivo` int(11) NOT NULL,
  `user_id` int(11) NOT NULL,
  `alcancia_id` int(11) NOT NULL,
  `moneda` varchar(100) COLLATE utf8_unicode_ci NOT NULL,
  `fecha_corta` varchar(100) COLLATE utf8_unicode_ci NOT NULL,
  `fecha` varchar(150) COLLATE utf8_unicode_ci NOT NULL,
  `created_at` timestamp NOT NULL DEFAULT '0000-00-00 00:00:00',
  `updated_at` timestamp NOT NULL DEFAULT '0000-00-00 00:00:00'
) ENGINE=InnoDB AUTO_INCREMENT=682 DEFAULT CHARSET=utf8 COLLATE=utf8_unicode_ci;

--
-- Volcado de datos para la tabla `ahorro`
--

INSERT INTO `ahorro` (`id`, `consecutivo`, `user_id`, `alcancia_id`, `moneda`, `fecha_corta`, `fecha`, `created_at`, `updated_at`) VALUES
(1, 1, 2, 1, '100', '12 de junio - 16:07', 'viernes, 12 de junio de 2015, Hora 16:07', '2015-06-12 21:07:36', '2015-06-12 21:07:36'),
(2, 1, 2, 1, '200', '12 de junio - 16:07', 'viernes, 12 de junio de 2015, Hora 16:07', '2015-06-12 21:07:36', '2015-06-12 21:07:36'),
(3, 1, 2, 1, '200', '12 de junio - 16:07', 'viernes, 12 de junio de 2015, Hora 16:07', '2015-06-12 21:07:38', '2015-06-12 21:07:38'),
(4, 1, 2, 1, '100', '12 de junio - 16:07', 'viernes, 12 de junio de 2015, Hora 16:07', '2015-06-12 21:07:38', '2015-06-12 21:07:38'),
(5, 1, 2, 1, '100', '12 de junio - 16:07', 'viernes, 12 de junio de 2015, Hora 16:07', '2015-06-12 21:07:40', '2015-06-12 21:07:40'),
(6, 2, 2, 1, '200', '12 de junio - 16:08', 'viernes, 12 de junio de 2015, Hora 16:08', '2015-06-12 21:08:14', '2015-06-12 21:08:14'),
(7, 2, 2, 1, '100', '12 de junio - 16:08', 'viernes, 12 de junio de 2015, Hora 16:08', '2015-06-12 21:08:15', '2015-06-12 21:08:15'),
(8, 3, 2, 1, '100', '12 de junio - 17:03', 'viernes, 12 de junio de 2015, Hora 17:03', '2015-06-15 22:03:44', '2015-06-12 22:03:44'),
(9, 3, 2, 1, '1000', '12 de junio - 17:03', 'viernes, 12 de junio de 2015, Hora 17:03', '2015-06-15 22:03:54', '2015-06-12 22:03:54'),
(10, 4, 2, 1, '100', '12 de junio - 17:40', 'viernes, 12 de junio de 2015, Hora 17:40', '2015-06-12 22:40:33', '2015-06-12 22:40:33'),
(11, 4, 2, 1, '200', '12 de junio - 17:40', 'viernes, 12 de junio de 2015, Hora 17:40', '2015-06-12 22:40:34', '2015-06-12 22:40:34'),
(12, 4, 2, 1, '100', '12 de junio - 17:40', 'viernes, 12 de junio de 2015, Hora 17:40', '2015-06-12 22:40:38', '2015-06-12 22:40:38'),
(13, 4, 2, 1, '100', '12 de junio - 17:40', 'viernes, 12 de junio de 2015, Hora 17:40', '2015-06-12 22:40:40', '2015-06-12 22:40:40'),
(14, 4, 2, 1, '200', '12 de junio - 17:40', 'viernes, 12 de junio de 2015, Hora 17:40', '2015-06-12 22:40:41', '2015-06-12 22:40:41'),
(15, 4, 2, 1, '100', '12 de junio - 17:40', 'viernes, 12 de junio de 2015, Hora 17:40', '2015-06-12 22:40:42', '2015-06-12 22:40:42'),
(16, 4, 2, 1, '100', '12 de junio - 17:40', 'viernes, 12 de junio de 2015, Hora 17:40', '2015-06-12 22:40:45', '2015-06-12 22:40:45'),
(17, 4, 2, 1, '100', '12 de junio - 17:40', 'viernes, 12 de junio de 2015, Hora 17:40', '2015-06-12 22:40:45', '2015-06-12 22:40:45'),
(18, 4, 2, 1, '200', '12 de junio - 17:40', 'viernes, 12 de junio de 2015, Hora 17:40', '2015-06-12 22:40:47', '2015-06-12 22:40:47'),
(19, 4, 2, 1, '100', '12 de junio - 17:40', 'viernes, 12 de junio de 2015, Hora 17:40', '2015-06-12 22:40:48', '2015-06-12 22:40:48'),
(20, 4, 2, 1, '100', '12 de junio - 17:40', 'viernes, 12 de junio de 2015, Hora 17:40', '2015-06-12 22:40:49', '2015-06-12 22:40:49'),
(21, 4, 2, 1, '200', '12 de junio - 17:40', 'viernes, 12 de junio de 2015, Hora 17:40', '2015-06-12 22:40:50', '2015-06-12 22:40:50'),
(22, 4, 2, 1, '100', '12 de junio - 17:40', 'viernes, 12 de junio de 2015, Hora 17:40', '2015-06-12 22:40:51', '2015-06-12 22:40:51'),
(23, 4, 2, 1, '100', '12 de junio - 17:40', 'viernes, 12 de junio de 2015, Hora 17:40', '2015-06-12 22:40:54', '2015-06-12 22:40:54'),
(24, 4, 2, 1, '1000', '12 de junio - 17:40', 'viernes, 12 de junio de 2015, Hora 17:40', '2015-06-12 22:40:55', '2015-06-12 22:40:55'),
(25, 4, 2, 1, '100', '12 de junio - 17:40', 'viernes, 12 de junio de 2015, Hora 17:40', '2015-06-12 22:40:56', '2015-06-12 22:40:56'),
(26, 4, 2, 1, '100', '12 de junio - 17:40', 'viernes, 12 de junio de 2015, Hora 17:40', '2015-06-12 22:40:57', '2015-06-12 22:40:57'),
(27, 4, 2, 1, '100', '12 de junio - 17:40', 'viernes, 12 de junio de 2015, Hora 17:40', '2015-06-12 22:40:59', '2015-06-12 22:40:59'),
(28, 4, 2, 1, '100', '12 de junio - 17:41', 'viernes, 12 de junio de 2015, Hora 17:41', '2015-06-12 22:41:02', '2015-06-12 22:41:02'),
(29, 4, 2, 1, '100', '12 de junio - 17:41', 'viernes, 12 de junio de 2015, Hora 17:41', '2015-06-12 22:41:03', '2015-06-12 22:41:03'),
(30, 4, 2, 1, '200', '12 de junio - 17:41', 'viernes, 12 de junio de 2015, Hora 17:41', '2015-06-12 22:41:05', '2015-06-12 22:41:05'),
(31, 4, 2, 1, '100', '12 de junio - 17:41', 'viernes, 12 de junio de 2015, Hora 17:41', '2015-06-12 22:41:07', '2015-06-12 22:41:07'),
(32, 4, 2, 1, '200', '12 de junio - 17:41', 'viernes, 12 de junio de 2015, Hora 17:41', '2015-06-12 22:41:09', '2015-06-12 22:41:09'),
(33, 4, 2, 1, '200', '12 de junio - 17:41', 'viernes, 12 de junio de 2015, Hora 17:41', '2015-06-12 22:41:10', '2015-06-12 22:41:10'),
(34, 4, 2, 1, '200', '12 de junio - 17:41', 'viernes, 12 de junio de 2015, Hora 17:41', '2015-06-12 22:41:11', '2015-06-12 22:41:11'),
(35, 4, 2, 1, '100', '12 de junio - 17:41', 'viernes, 12 de junio de 2015, Hora 17:41', '2015-06-12 22:41:13', '2015-06-12 22:41:13'),
(36, 4, 2, 1, '200', '16 de junio - 09:26', 'martes, 16 de junio de 2015, Hora 09:26', '2015-06-16 14:26:32', '2015-06-16 14:26:32'),
(37, 4, 2, 1, '100', '16 de junio - 09:26', 'martes, 16 de junio de 2015, Hora 09:26', '2015-06-16 14:26:39', '2015-06-16 14:26:39'),
(38, 5, 2, 1, '100', '16 de junio - 09:28', 'martes, 16 de junio de 2015, Hora 09:28', '2015-06-16 14:28:16', '2015-06-16 14:28:16'),
(39, 5, 2, 1, '200', '16 de junio - 09:28', 'martes, 16 de junio de 2015, Hora 09:28', '2015-06-16 14:28:27', '2015-06-16 14:28:27'),
(40, 5, 2, 1, '100', '16 de junio - 09:28', 'martes, 16 de junio de 2015, Hora 09:28', '2015-06-16 14:28:36', '2015-06-16 14:28:36'),
(41, 5, 2, 1, '100', '16 de junio - 09:28', 'martes, 16 de junio de 2015, Hora 09:28', '2015-06-16 14:28:37', '2015-06-16 14:28:37'),
(42, 6, 2, 1, '100', '16 de junio - 10:14', 'martes, 16 de junio de 2015, Hora 10:14', '2015-05-13 15:14:14', '2015-06-16 15:14:14'),
(43, 6, 2, 1, '100', '16 de junio - 11:59', 'martes, 16 de junio de 2015, Hora 11:59', '2015-06-16 16:59:32', '2015-06-16 16:59:32'),
(44, 6, 2, 1, '200', '16 de junio - 11:59', 'martes, 16 de junio de 2015, Hora 11:59', '2015-06-16 16:59:35', '2015-06-16 16:59:35'),
(45, 6, 2, 1, '200', '16 de junio - 11:59', 'martes, 16 de junio de 2015, Hora 11:59', '2015-06-16 16:59:36', '2015-06-16 16:59:36'),
(46, 7, 2, 1, '100', '16 de junio - 12:01', 'martes, 16 de junio de 2015, Hora 12:01', '2015-06-16 17:01:08', '2015-06-16 17:01:08'),
(47, 7, 2, 1, '100', '16 de junio - 12:01', 'martes, 16 de junio de 2015, Hora 12:01', '2015-06-16 17:01:10', '2015-06-16 17:01:10'),
(48, 8, 2, 1, '100', '16 de junio - 12:18', 'martes, 16 de junio de 2015, Hora 12:18', '2015-06-16 17:18:55', '2015-06-16 17:18:55'),
(49, 8, 2, 1, '200', '16 de junio - 12:18', 'martes, 16 de junio de 2015, Hora 12:18', '2015-06-16 17:18:58', '2015-06-16 17:18:58'),
(50, 8, 2, 1, '100', '16 de junio - 12:18', 'martes, 16 de junio de 2015, Hora 12:18', '2015-06-16 17:18:59', '2015-06-16 17:18:59'),
(51, 8, 2, 1, '100', '16 de junio - 12:19', 'martes, 16 de junio de 2015, Hora 12:19', '2015-06-16 17:19:01', '2015-06-16 17:19:01'),
(52, 8, 2, 1, '200', '16 de junio - 12:19', 'martes, 16 de junio de 2015, Hora 12:19', '2015-06-16 17:19:02', '2015-06-16 17:19:02'),
(53, 9, 2, 1, '100', '16 de junio - 12:20', 'martes, 16 de junio de 2015, Hora 12:20', '2015-06-16 17:20:43', '2015-06-16 17:20:43'),
(54, 9, 2, 1, '100', '16 de junio - 12:20', 'martes, 16 de junio de 2015, Hora 12:20', '2015-06-16 17:20:47', '2015-06-16 17:20:47'),
(55, 9, 2, 1, '100', '16 de junio - 12:20', 'martes, 16 de junio de 2015, Hora 12:20', '2015-06-16 17:20:50', '2015-06-16 17:20:50'),
(56, 9, 2, 1, '200', '16 de junio - 12:20', 'martes, 16 de junio de 2015, Hora 12:20', '2015-06-16 17:20:53', '2015-06-16 17:20:53'),
(57, 10, 2, 1, '100', '16 de junio - 12:26', 'martes, 16 de junio de 2015, Hora 12:26', '2015-06-16 17:26:43', '2015-06-16 17:26:43'),
(58, 10, 2, 1, '100', '16 de junio - 12:26', 'martes, 16 de junio de 2015, Hora 12:26', '2015-06-16 17:26:49', '2015-06-16 17:26:49'),
(59, 11, 2, 1, '200', '16 de junio - 12:31', 'martes, 16 de junio de 2015, Hora 12:31', '2015-06-16 17:31:14', '2015-06-16 17:31:14'),
(60, 11, 2, 1, '100', '16 de junio - 12:31', 'martes, 16 de junio de 2015, Hora 12:31', '2015-06-16 17:31:19', '2015-06-16 17:31:19'),
(61, 12, 2, 1, '100', '16 de junio - 12:33', 'martes, 16 de junio de 2015, Hora 12:33', '2015-06-16 17:33:25', '2015-06-16 17:33:25'),
(62, 12, 2, 1, '100', '16 de junio - 12:33', 'martes, 16 de junio de 2015, Hora 12:33', '2015-06-16 17:33:32', '2015-06-16 17:33:32'),
(63, 12, 2, 1, '100', '16 de junio - 12:33', 'martes, 16 de junio de 2015, Hora 12:33', '2015-06-16 17:33:38', '2015-06-16 17:33:38'),
(64, 13, 2, 1, '200', '16 de junio - 12:34', 'martes, 16 de junio de 2015, Hora 12:34', '2015-06-16 17:34:57', '2015-06-16 17:34:57'),
(65, 13, 2, 1, '100', '16 de junio - 12:35', 'martes, 16 de junio de 2015, Hora 12:35', '2015-06-16 17:35:03', '2015-06-16 17:35:03'),
(66, 14, 2, 1, '200', '16 de junio - 12:38', 'martes, 16 de junio de 2015, Hora 12:38', '2015-06-16 17:38:28', '2015-06-16 17:38:28'),
(67, 14, 2, 1, '200', '16 de junio - 12:38', 'martes, 16 de junio de 2015, Hora 12:38', '2015-06-16 17:38:37', '2015-06-16 17:38:37'),
(68, 14, 2, 1, '100', '16 de junio - 12:38', 'martes, 16 de junio de 2015, Hora 12:38', '2015-06-16 17:38:38', '2015-06-16 17:38:38'),
(69, 14, 2, 1, '200', '16 de junio - 12:38', 'martes, 16 de junio de 2015, Hora 12:38', '2015-06-16 17:38:39', '2015-06-16 17:38:39'),
(70, 14, 2, 1, '100', '16 de junio - 12:38', 'martes, 16 de junio de 2015, Hora 12:38', '2015-06-16 17:38:41', '2015-06-16 17:38:41'),
(71, 15, 2, 1, '200', '16 de junio - 12:45', 'martes, 16 de junio de 2015, Hora 12:45', '2015-06-16 17:45:06', '2015-06-16 17:45:06'),
(72, 15, 2, 1, '200', '16 de junio - 12:45', 'martes, 16 de junio de 2015, Hora 12:45', '2015-06-16 17:45:13', '2015-06-16 17:45:13'),
(73, 15, 2, 1, '100', '16 de junio - 12:45', 'martes, 16 de junio de 2015, Hora 12:45', '2015-06-16 17:45:23', '2015-06-16 17:45:23'),
(74, 15, 2, 1, '100', '16 de junio - 12:45', 'martes, 16 de junio de 2015, Hora 12:45', '2015-06-16 17:45:24', '2015-06-16 17:45:24'),
(75, 16, 2, 1, '1000', '16 de junio - 14:09', 'martes, 16 de junio de 2015, Hora 14:09', '2015-06-16 19:09:10', '2015-06-16 19:09:10'),
(76, 16, 2, 1, '100', '16 de junio - 14:09', 'martes, 16 de junio de 2015, Hora 14:09', '2015-06-16 19:09:12', '2015-06-16 19:09:12'),
(77, 16, 2, 1, '200', '16 de junio - 14:09', 'martes, 16 de junio de 2015, Hora 14:09', '2015-06-16 19:09:13', '2015-06-16 19:09:13'),
(78, 16, 2, 1, '100', '16 de junio - 14:09', 'martes, 16 de junio de 2015, Hora 14:09', '2015-06-16 19:09:16', '2015-06-16 19:09:16'),
(79, 16, 2, 1, '200', '16 de junio - 14:09', 'martes, 16 de junio de 2015, Hora 14:09', '2015-06-16 19:09:17', '2015-06-16 19:09:17'),
(80, 16, 2, 1, '200', '16 de junio - 14:09', 'martes, 16 de junio de 2015, Hora 14:09', '2015-06-16 19:09:19', '2015-06-16 19:09:19'),
(81, 16, 2, 1, '100', '16 de junio - 14:09', 'martes, 16 de junio de 2015, Hora 14:09', '2015-06-16 19:09:21', '2015-06-16 19:09:21'),
(82, 17, 2, 1, '200', '16 de junio - 14:44', 'martes, 16 de junio de 2015, Hora 14:44', '2015-06-16 19:44:38', '2015-06-16 19:44:38'),
(83, 17, 2, 1, '200', '16 de junio - 14:44', 'martes, 16 de junio de 2015, Hora 14:44', '2015-06-16 19:44:40', '2015-06-16 19:44:40'),
(84, 17, 2, 1, '200', '16 de junio - 14:44', 'martes, 16 de junio de 2015, Hora 14:44', '2015-06-16 19:44:40', '2015-06-16 19:44:40'),
(85, 18, 2, 1, '200', '16 de junio - 14:50', 'martes, 16 de junio de 2015, Hora 14:50', '2015-06-16 19:50:20', '2015-06-16 19:50:20'),
(86, 19, 2, 1, '100', '16 de junio - 16:34', 'martes, 16 de junio de 2015, Hora 16:34', '2015-06-16 21:34:16', '2015-06-16 21:34:16'),
(87, 19, 2, 1, '200', '16 de junio - 16:34', 'martes, 16 de junio de 2015, Hora 16:34', '2015-06-16 21:34:17', '2015-06-16 21:34:17'),
(88, 19, 2, 1, '100', '16 de junio - 16:34', 'martes, 16 de junio de 2015, Hora 16:34', '2015-06-16 21:34:24', '2015-06-16 21:34:24'),
(89, 19, 2, 1, '100', '16 de junio - 16:34', 'martes, 16 de junio de 2015, Hora 16:34', '2015-06-16 21:34:25', '2015-06-16 21:34:25'),
(90, 19, 2, 1, '1000', '16 de junio - 16:34', 'martes, 16 de junio de 2015, Hora 16:34', '2015-06-16 21:34:30', '2015-06-16 21:34:30'),
(91, 19, 2, 1, '100', '16 de junio - 16:34', 'martes, 16 de junio de 2015, Hora 16:34', '2015-06-16 21:34:36', '2015-06-16 21:34:36'),
(92, 19, 2, 1, '200', '16 de junio - 16:34', 'martes, 16 de junio de 2015, Hora 16:34', '2015-06-16 21:34:38', '2015-06-16 21:34:38'),
(93, 20, 2, 1, '200', '16 de junio - 16:42', 'martes, 16 de junio de 2015, Hora 16:42', '2015-06-16 21:42:50', '2015-06-16 21:42:50'),
(94, 20, 2, 1, '100', '16 de junio - 16:42', 'martes, 16 de junio de 2015, Hora 16:42', '2015-06-16 21:42:53', '2015-06-16 21:42:53'),
(95, 20, 2, 1, '200', '16 de junio - 16:42', 'martes, 16 de junio de 2015, Hora 16:42', '2015-06-16 21:42:54', '2015-06-16 21:42:54'),
(96, 21, 2, 1, '100', '16 de junio - 17:56', 'martes, 16 de junio de 2015, Hora 17:56', '2015-06-16 22:56:16', '2015-06-16 22:56:16'),
(97, 21, 2, 1, '100', '16 de junio - 17:56', 'martes, 16 de junio de 2015, Hora 17:56', '2015-06-16 22:56:19', '2015-06-16 22:56:19'),
(98, 21, 2, 1, '100', '16 de junio - 17:56', 'martes, 16 de junio de 2015, Hora 17:56', '2015-06-16 22:56:20', '2015-06-16 22:56:20'),
(99, 21, 2, 1, '200', '16 de junio - 17:56', 'martes, 16 de junio de 2015, Hora 17:56', '2015-06-16 22:56:23', '2015-06-16 22:56:23'),
(100, 21, 2, 1, '100', '16 de junio - 17:56', 'martes, 16 de junio de 2015, Hora 17:56', '2015-06-16 22:56:25', '2015-06-16 22:56:25'),
(101, 21, 2, 1, '200', '16 de junio - 17:56', 'martes, 16 de junio de 2015, Hora 17:56', '2015-06-16 22:56:26', '2015-06-16 22:56:26'),
(102, 21, 2, 1, '100', '16 de junio - 17:56', 'martes, 16 de junio de 2015, Hora 17:56', '2015-06-16 22:56:27', '2015-06-16 22:56:27'),
(103, 21, 2, 1, '100', '16 de junio - 17:56', 'martes, 16 de junio de 2015, Hora 17:56', '2015-06-16 22:56:28', '2015-06-16 22:56:28'),
(104, 21, 2, 1, '100', '16 de junio - 17:56', 'martes, 16 de junio de 2015, Hora 17:56', '2015-06-16 22:56:29', '2015-06-16 22:56:29'),
(105, 21, 2, 1, '100', '16 de junio - 17:56', 'martes, 16 de junio de 2015, Hora 17:56', '2015-06-16 22:56:31', '2015-06-16 22:56:31'),
(106, 21, 2, 1, '200', '16 de junio - 17:56', 'martes, 16 de junio de 2015, Hora 17:56', '2015-06-16 22:56:32', '2015-06-16 22:56:32'),
(107, 21, 2, 1, '100', '16 de junio - 17:56', 'martes, 16 de junio de 2015, Hora 17:56', '2015-06-16 22:56:33', '2015-06-16 22:56:33'),
(108, 21, 2, 1, '200', '16 de junio - 17:56', 'martes, 16 de junio de 2015, Hora 17:56', '2015-06-16 22:56:34', '2015-06-16 22:56:34'),
(109, 21, 2, 1, '100', '16 de junio - 17:56', 'martes, 16 de junio de 2015, Hora 17:56', '2015-06-16 22:56:35', '2015-06-16 22:56:35'),
(110, 21, 2, 1, '100', '16 de junio - 17:56', 'martes, 16 de junio de 2015, Hora 17:56', '2015-06-16 22:56:37', '2015-06-16 22:56:37'),
(111, 21, 2, 1, '200', '16 de junio - 17:56', 'martes, 16 de junio de 2015, Hora 17:56', '2015-06-16 22:56:38', '2015-06-16 22:56:38'),
(112, 21, 2, 1, '200', '16 de junio - 17:56', 'martes, 16 de junio de 2015, Hora 17:56', '2015-06-16 22:56:38', '2015-06-16 22:56:38'),
(113, 21, 2, 1, '100', '16 de junio - 17:56', 'martes, 16 de junio de 2015, Hora 17:56', '2015-06-16 22:56:39', '2015-06-16 22:56:39'),
(114, 21, 2, 1, '1000', '16 de junio - 17:56', 'martes, 16 de junio de 2015, Hora 17:56', '2015-06-16 22:56:41', '2015-06-16 22:56:41'),
(115, 21, 2, 1, '100', '16 de junio - 17:56', 'martes, 16 de junio de 2015, Hora 17:56', '2015-06-16 22:56:42', '2015-06-16 22:56:42'),
(116, 21, 2, 1, '100', '16 de junio - 17:56', 'martes, 16 de junio de 2015, Hora 17:56', '2015-06-16 22:56:43', '2015-06-16 22:56:43'),
(117, 21, 2, 1, '100', '16 de junio - 17:56', 'martes, 16 de junio de 2015, Hora 17:56', '2015-06-16 22:56:44', '2015-06-16 22:56:44'),
(118, 21, 2, 1, '100', '16 de junio - 17:56', 'martes, 16 de junio de 2015, Hora 17:56', '2015-06-16 22:56:45', '2015-06-16 22:56:45'),
(119, 21, 2, 1, '100', '16 de junio - 17:56', 'martes, 16 de junio de 2015, Hora 17:56', '2015-06-16 22:56:46', '2015-06-16 22:56:46'),
(120, 22, 2, 1, '100', '17 de junio - 09:58', 'mi', '2015-06-17 14:58:14', '2015-06-17 14:58:14'),
(121, 22, 2, 1, '100', '17 de junio - 09:58', 'mi', '2015-06-17 14:58:15', '2015-06-17 14:58:15'),
(122, 22, 2, 1, '100', '17 de junio - 09:58', 'mi', '2015-06-17 14:58:16', '2015-06-17 14:58:16'),
(123, 22, 2, 1, '200', '17 de junio - 09:58', 'mi', '2015-06-17 14:58:19', '2015-06-17 14:58:19'),
(124, 22, 2, 1, '200', '17 de junio - 09:58', 'mi', '2015-06-17 14:58:20', '2015-06-17 14:58:20'),
(125, 22, 2, 1, '200', '17 de junio - 09:58', 'mi', '2015-06-17 14:58:24', '2015-06-17 14:58:24'),
(136, 23, 2, 1, '100', '17 de junio - 12:41', 'miércoles, 17 de junio de 2015, Hora 12:41', '2015-06-17 17:41:21', '2015-06-17 17:41:21'),
(137, 23, 2, 1, '100', '17 de junio - 12:41', 'miércoles, 17 de junio de 2015, Hora 12:41', '2015-06-17 17:41:22', '2015-06-17 17:41:22'),
(138, 23, 2, 1, '200', '17 de junio - 12:41', 'miércoles, 17 de junio de 2015, Hora 12:41', '2015-06-17 17:41:23', '2015-06-17 17:41:23'),
(139, 23, 2, 1, '200', '17 de junio - 12:41', 'miércoles, 17 de junio de 2015, Hora 12:41', '2015-06-17 17:41:24', '2015-06-17 17:41:24'),
(140, 23, 2, 1, '200', '17 de junio - 12:41', 'miércoles, 17 de junio de 2015, Hora 12:41', '2015-06-17 17:41:25', '2015-06-17 17:41:25'),
(141, 24, 2, 1, '200', '17 de junio - 13:58', 'miércoles, 17 de junio de 2015, Hora 13:58', '2015-06-17 18:58:36', '2015-06-17 18:58:36'),
(142, 24, 2, 1, '200', '17 de junio - 13:58', 'miércoles, 17 de junio de 2015, Hora 13:58', '2015-06-17 18:58:42', '2015-06-17 18:58:42'),
(143, 25, 2, 1, '200', '17 de junio - 14:19', 'miércoles, 17 de junio de 2015, Hora 14:19', '2015-06-17 19:19:37', '2015-06-17 19:19:37'),
(144, 25, 2, 1, '200', '17 de junio - 14:19', 'miércoles, 17 de junio de 2015, Hora 14:19', '2015-06-17 19:19:40', '2015-06-17 19:19:40'),
(145, 25, 2, 1, '100', '17 de junio - 14:19', 'miércoles, 17 de junio de 2015, Hora 14:19', '2015-06-17 19:19:41', '2015-06-17 19:19:41'),
(146, 26, 2, 1, '200', '17 de junio - 14:48', 'miércoles, 17 de junio de 2015, Hora 14:48', '2015-06-17 19:48:51', '2015-06-17 19:48:51'),
(147, 26, 2, 1, '200', '17 de junio - 14:48', 'miércoles, 17 de junio de 2015, Hora 14:48', '2015-06-17 19:48:58', '2015-06-17 19:48:58'),
(148, 26, 2, 1, '100', '17 de junio - 14:49', 'miércoles, 17 de junio de 2015, Hora 14:49', '2015-06-17 19:49:08', '2015-06-17 19:49:08'),
(149, 26, 2, 1, '100', '17 de junio - 14:49', 'miércoles, 17 de junio de 2015, Hora 14:49', '2015-06-17 19:49:15', '2015-06-17 19:49:15'),
(150, 26, 2, 1, '1000', '17 de junio - 14:49', 'miércoles, 17 de junio de 2015, Hora 14:49', '2015-06-17 19:49:19', '2015-06-17 19:49:19'),
(151, 26, 2, 1, '100', '17 de junio - 14:49', 'miércoles, 17 de junio de 2015, Hora 14:49', '2015-06-17 19:49:23', '2015-06-17 19:49:23'),
(152, 27, 2, 1, '200', '17 de junio - 14:54', 'miércoles, 17 de junio de 2015, Hora 14:54', '2015-06-17 19:54:06', '2015-06-17 19:54:06'),
(153, 27, 2, 1, '100', '17 de junio - 14:54', 'miércoles, 17 de junio de 2015, Hora 14:54', '2015-06-17 19:54:09', '2015-06-17 19:54:09'),
(154, 27, 2, 1, '100', '17 de junio - 14:54', 'miércoles, 17 de junio de 2015, Hora 14:54', '2015-06-17 19:54:13', '2015-06-17 19:54:13'),
(155, 27, 2, 1, '200', '17 de junio - 14:54', 'miércoles, 17 de junio de 2015, Hora 14:54', '2015-06-17 19:54:17', '2015-06-17 19:54:17'),
(156, 27, 2, 1, '100', '17 de junio - 14:54', 'miércoles, 17 de junio de 2015, Hora 14:54', '2015-06-17 19:54:21', '2015-06-17 19:54:21'),
(157, 27, 2, 1, '200', '17 de junio - 14:54', 'miércoles, 17 de junio de 2015, Hora 14:54', '2015-06-17 19:54:25', '2015-06-17 19:54:25'),
(158, 27, 2, 1, '200', '17 de junio - 14:54', 'miércoles, 17 de junio de 2015, Hora 14:54', '2015-06-17 19:54:27', '2015-06-17 19:54:27'),
(159, 27, 2, 1, '200', '17 de junio - 14:54', 'miércoles, 17 de junio de 2015, Hora 14:54', '2015-06-17 19:54:32', '2015-06-17 19:54:32'),
(160, 27, 2, 1, '200', '17 de junio - 14:54', 'miércoles, 17 de junio de 2015, Hora 14:54', '2015-06-17 19:54:38', '2015-06-17 19:54:38'),
(161, 1, 49, 1, '200', '17 de junio - 15:02', 'miércoles, 17 de junio de 2015, Hora 15:02', '2015-06-17 20:02:06', '2015-06-17 20:02:06'),
(162, 1, 49, 1, '200', '17 de junio - 15:02', 'miércoles, 17 de junio de 2015, Hora 15:02', '2015-06-17 20:02:11', '2015-06-17 20:02:11'),
(163, 1, 49, 1, '100', '17 de junio - 15:02', 'miércoles, 17 de junio de 2015, Hora 15:02', '2015-06-17 20:02:12', '2015-06-17 20:02:12'),
(164, 1, 49, 1, '100', '17 de junio - 15:02', 'miércoles, 17 de junio de 2015, Hora 15:02', '2015-06-17 20:02:18', '2015-06-17 20:02:18'),
(165, 1, 49, 1, '200', '17 de junio - 15:02', 'miércoles, 17 de junio de 2015, Hora 15:02', '2015-06-17 20:02:19', '2015-06-17 20:02:19'),
(166, 1, 49, 1, '100', '17 de junio - 15:02', 'miércoles, 17 de junio de 2015, Hora 15:02', '2015-06-17 20:02:19', '2015-06-17 20:02:19'),
(167, 1, 49, 1, '200', '17 de junio - 15:02', 'miércoles, 17 de junio de 2015, Hora 15:02', '2015-06-17 20:02:27', '2015-06-17 20:02:27'),
(168, 1, 49, 1, '100', '17 de junio - 15:02', 'miércoles, 17 de junio de 2015, Hora 15:02', '2015-06-17 20:02:27', '2015-06-17 20:02:27'),
(169, 2, 49, 1, '100', '17 de junio - 15:04', 'miércoles, 17 de junio de 2015, Hora 15:04', '2015-06-17 20:04:21', '2015-06-17 20:04:21'),
(170, 2, 49, 1, '100', '17 de junio - 15:04', 'miércoles, 17 de junio de 2015, Hora 15:04', '2015-06-17 20:04:22', '2015-06-17 20:04:22'),
(171, 3, 49, 1, '200', '17 de junio - 15:26', 'miércoles, 17 de junio de 2015, Hora 15:26', '2015-06-17 20:26:51', '2015-06-17 20:26:51'),
(172, 3, 49, 1, '100', '17 de junio - 15:26', 'miércoles, 17 de junio de 2015, Hora 15:26', '2015-06-17 20:26:53', '2015-06-17 20:26:53'),
(173, 3, 49, 1, '200', '17 de junio - 15:26', 'miércoles, 17 de junio de 2015, Hora 15:26', '2015-06-17 20:26:55', '2015-06-17 20:26:55'),
(174, 3, 49, 1, '200', '17 de junio - 15:26', 'miércoles, 17 de junio de 2015, Hora 15:26', '2015-06-17 20:26:56', '2015-06-17 20:26:56'),
(175, 3, 49, 1, '200', '17 de junio - 15:26', 'miércoles, 17 de junio de 2015, Hora 15:26', '2015-06-17 20:26:56', '2015-06-17 20:26:56'),
(176, 28, 2, 1, '100', '18 de junio - 09:58', 'jueves, 18 de junio de 2015, Hora 09:58', '2015-06-18 14:58:34', '2015-06-18 14:58:34'),
(177, 28, 2, 1, '100', '18 de junio - 09:58', 'jueves, 18 de junio de 2015, Hora 09:58', '2015-06-18 14:58:36', '2015-06-18 14:58:36'),
(178, 28, 2, 1, '200', '18 de junio - 09:58', 'jueves, 18 de junio de 2015, Hora 09:58', '2015-06-18 14:58:37', '2015-06-18 14:58:37'),
(179, 29, 2, 1, '200', '18 de junio - 10:00', 'jueves, 18 de junio de 2015, Hora 10:00', '2015-06-18 15:00:23', '2015-06-18 15:00:23'),
(180, 29, 2, 1, '200', '18 de junio - 10:00', 'jueves, 18 de junio de 2015, Hora 10:00', '2015-06-18 15:00:24', '2015-06-18 15:00:24'),
(181, 29, 2, 1, '200', '18 de junio - 10:00', 'jueves, 18 de junio de 2015, Hora 10:00', '2015-06-18 15:00:25', '2015-06-18 15:00:25'),
(182, 30, 2, 1, '100', '18 de junio - 11:51', 'jueves, 18 de junio de 2015, Hora 11:51', '2015-06-18 16:51:47', '2015-06-18 16:51:47'),
(183, 30, 2, 1, '100', '18 de junio - 11:51', 'jueves, 18 de junio de 2015, Hora 11:51', '2015-06-18 16:51:49', '2015-06-18 16:51:49'),
(184, 30, 2, 1, '100', '18 de junio - 11:51', 'jueves, 18 de junio de 2015, Hora 11:51', '2015-06-18 16:51:50', '2015-06-18 16:51:50'),
(185, 30, 2, 1, '200', '18 de junio - 11:51', 'jueves, 18 de junio de 2015, Hora 11:51', '2015-06-18 16:51:53', '2015-06-18 16:51:53'),
(186, 31, 2, 1, '100', '18 de junio - 11:52', 'jueves, 18 de junio de 2015, Hora 11:52', '2015-06-18 16:52:13', '2015-06-18 16:52:13'),
(187, 31, 2, 1, '100', '18 de junio - 11:52', 'jueves, 18 de junio de 2015, Hora 11:52', '2015-06-18 16:52:14', '2015-06-18 16:52:14'),
(188, 31, 2, 1, '200', '18 de junio - 11:52', 'jueves, 18 de junio de 2015, Hora 11:52', '2015-06-18 16:52:14', '2015-06-18 16:52:14'),
(189, 32, 2, 1, '100', '18 de junio - 11:52', 'jueves, 18 de junio de 2015, Hora 11:52', '2015-06-18 16:52:36', '2015-06-18 16:52:36'),
(190, 32, 2, 1, '1000', '18 de junio - 11:52', 'jueves, 18 de junio de 2015, Hora 11:52', '2015-06-18 16:52:36', '2015-06-18 16:52:36'),
(191, 32, 2, 1, '100', '18 de junio - 11:52', 'jueves, 18 de junio de 2015, Hora 11:52', '2015-06-18 16:52:38', '2015-06-18 16:52:38'),
(192, 33, 2, 1, '100', '18 de junio - 11:53', 'jueves, 18 de junio de 2015, Hora 11:53', '2015-06-18 16:53:11', '2015-06-18 16:53:11'),
(193, 33, 2, 1, '200', '18 de junio - 11:53', 'jueves, 18 de junio de 2015, Hora 11:53', '2015-06-18 16:53:12', '2015-06-18 16:53:12'),
(194, 34, 2, 1, '200', '18 de junio - 17:08', 'jueves, 18 de junio de 2015, Hora 17:08', '2015-06-18 22:08:41', '2015-06-18 22:08:41'),
(195, 34, 2, 1, '100', '18 de junio - 17:08', 'jueves, 18 de junio de 2015, Hora 17:08', '2015-06-18 22:08:44', '2015-06-18 22:08:44'),
(196, 34, 2, 1, '200', '18 de junio - 17:08', 'jueves, 18 de junio de 2015, Hora 17:08', '2015-06-18 22:08:52', '2015-06-18 22:08:52'),
(197, 34, 2, 1, '1000', '18 de junio - 17:08', 'jueves, 18 de junio de 2015, Hora 17:08', '2015-06-18 22:08:56', '2015-06-18 22:08:56'),
(198, 35, 2, 1, '1000', '18 de junio - 17:21', 'jueves, 18 de junio de 2015, Hora 17:21', '2015-06-18 22:21:05', '2015-06-18 22:21:05'),
(199, 35, 2, 1, '200', '18 de junio - 17:21', 'jueves, 18 de junio de 2015, Hora 17:21', '2015-06-18 22:21:09', '2015-06-18 22:21:09'),
(200, 35, 2, 1, '200', '18 de junio - 17:21', 'jueves, 18 de junio de 2015, Hora 17:21', '2015-06-18 22:21:11', '2015-06-18 22:21:11'),
(201, 35, 2, 1, '100', '18 de junio - 17:21', 'jueves, 18 de junio de 2015, Hora 17:21', '2015-06-18 22:21:13', '2015-06-18 22:21:13'),
(202, 35, 2, 1, '100', '18 de junio - 17:21', 'jueves, 18 de junio de 2015, Hora 17:21', '2015-06-18 22:21:15', '2015-06-18 22:21:15'),
(203, 35, 2, 1, '200', '18 de junio - 17:21', 'jueves, 18 de junio de 2015, Hora 17:21', '2015-06-18 22:21:17', '2015-06-18 22:21:17'),
(204, 1, 52, 1, '100', '18 de junio - 17:26', 'jueves, 18 de junio de 2015, Hora 17:26', '2015-06-18 22:26:28', '2015-06-18 22:26:28'),
(205, 1, 52, 1, '100', '18 de junio - 17:26', 'jueves, 18 de junio de 2015, Hora 17:26', '2015-06-18 22:26:29', '2015-06-18 22:26:29'),
(206, 1, 52, 1, '100', '18 de junio - 17:26', 'jueves, 18 de junio de 2015, Hora 17:26', '2015-06-18 22:26:31', '2015-06-18 22:26:31'),
(207, 1, 52, 1, '100', '18 de junio - 17:26', 'jueves, 18 de junio de 2015, Hora 17:26', '2015-06-18 22:26:32', '2015-06-18 22:26:32'),
(208, 1, 52, 1, '200', '18 de junio - 17:26', 'jueves, 18 de junio de 2015, Hora 17:26', '2015-06-18 22:26:33', '2015-06-18 22:26:33'),
(209, 1, 52, 1, '1000', '18 de junio - 17:26', 'jueves, 18 de junio de 2015, Hora 17:26', '2015-06-18 22:26:40', '2015-06-18 22:26:40'),
(210, 1, 52, 1, '100', '18 de junio - 17:26', 'jueves, 18 de junio de 2015, Hora 17:26', '2015-06-18 22:26:41', '2015-06-18 22:26:41'),
(211, 2, 52, 1, '200', '18 de junio - 17:29', 'jueves, 18 de junio de 2015, Hora 17:29', '2015-06-18 22:29:42', '2015-06-18 22:29:42'),
(212, 2, 52, 1, '100', '18 de junio - 17:29', 'jueves, 18 de junio de 2015, Hora 17:29', '2015-06-18 22:29:45', '2015-06-18 22:29:45'),
(213, 2, 52, 1, '200', '18 de junio - 17:29', 'jueves, 18 de junio de 2015, Hora 17:29', '2015-06-18 22:29:46', '2015-06-18 22:29:46'),
(214, 2, 52, 1, '200', '18 de junio - 17:29', 'jueves, 18 de junio de 2015, Hora 17:29', '2015-06-18 22:29:49', '2015-06-18 22:29:49'),
(215, 2, 52, 1, '100', '18 de junio - 17:29', 'jueves, 18 de junio de 2015, Hora 17:29', '2015-06-18 22:29:50', '2015-06-18 22:29:50'),
(216, 36, 2, 1, '100', '19 de junio - 10:21', 'viernes, 19 de junio de 2015, Hora 10:21', '2015-06-19 15:21:09', '2015-06-19 15:21:09'),
(217, 36, 2, 1, '200', '19 de junio - 10:21', 'viernes, 19 de junio de 2015, Hora 10:21', '2015-06-19 15:21:18', '2015-06-19 15:21:18'),
(218, 37, 2, 1, '200', '19 de junio - 10:37', 'viernes, 19 de junio de 2015, Hora 10:37', '2015-06-19 15:37:30', '2015-06-19 15:37:30'),
(219, 38, 2, 1, '200', '19 de junio - 10:39', 'viernes, 19 de junio de 2015, Hora 10:39', '2015-06-19 15:39:31', '2015-06-19 15:39:31'),
(220, 39, 2, 1, '100', '19 de junio - 10:41', 'viernes, 19 de junio de 2015, Hora 10:41', '2015-06-19 15:41:18', '2015-06-19 15:41:18'),
(221, 39, 2, 1, '100', '19 de junio - 10:41', 'viernes, 19 de junio de 2015, Hora 10:41', '2015-06-19 15:41:23', '2015-06-19 15:41:23'),
(222, 40, 2, 1, '200', '19 de junio - 10:45', 'viernes, 19 de junio de 2015, Hora 10:45', '2015-06-19 15:45:58', '2015-06-19 15:45:58'),
(223, 40, 2, 1, '200', '19 de junio - 10:46', 'viernes, 19 de junio de 2015, Hora 10:46', '2015-06-19 15:46:06', '2015-06-19 15:46:06'),
(224, 41, 2, 1, '100', '19 de junio - 10:47', 'viernes, 19 de junio de 2015, Hora 10:47', '2015-06-19 15:47:10', '2015-06-19 15:47:10'),
(225, 41, 2, 1, '200', '19 de junio - 10:47', 'viernes, 19 de junio de 2015, Hora 10:47', '2015-06-19 15:47:15', '2015-06-19 15:47:15'),
(226, 42, 2, 1, '1000', '19 de junio - 10:49', 'viernes, 19 de junio de 2015, Hora 10:49', '2015-06-19 15:49:23', '2015-06-19 15:49:23'),
(227, 43, 2, 1, '100', '19 de junio - 10:51', 'viernes, 19 de junio de 2015, Hora 10:51', '2015-06-19 15:51:34', '2015-06-19 15:51:34'),
(228, 44, 2, 1, '100', '19 de junio - 10:52', 'viernes, 19 de junio de 2015, Hora 10:52', '2015-06-19 15:52:06', '2015-06-19 15:52:06'),
(229, 45, 2, 1, '200', '19 de junio - 10:53', 'viernes, 19 de junio de 2015, Hora 10:53', '2015-06-19 15:53:38', '2015-06-19 15:53:38'),
(230, 46, 2, 1, '200', '19 de junio - 10:54', 'viernes, 19 de junio de 2015, Hora 10:54', '2015-06-19 15:54:54', '2015-06-19 15:54:54'),
(231, 47, 2, 1, '200', '19 de junio - 10:57', 'viernes, 19 de junio de 2015, Hora 10:57', '2015-06-19 15:57:28', '2015-06-19 15:57:28'),
(232, 47, 2, 1, '100', '19 de junio - 10:57', 'viernes, 19 de junio de 2015, Hora 10:57', '2015-06-19 15:57:34', '2015-06-19 15:57:34'),
(233, 47, 2, 1, '100', '19 de junio - 10:57', 'viernes, 19 de junio de 2015, Hora 10:57', '2015-06-19 15:57:50', '2015-06-19 15:57:50'),
(234, 48, 2, 1, '200', '19 de junio - 10:58', 'viernes, 19 de junio de 2015, Hora 10:58', '2015-06-19 15:58:16', '2015-06-19 15:58:16'),
(235, 48, 2, 1, '100', '19 de junio - 10:58', 'viernes, 19 de junio de 2015, Hora 10:58', '2015-06-19 15:58:19', '2015-06-19 15:58:19'),
(236, 48, 2, 1, '100', '19 de junio - 10:58', 'viernes, 19 de junio de 2015, Hora 10:58', '2015-06-19 15:58:23', '2015-06-19 15:58:23'),
(237, 49, 2, 1, '100', '19 de junio - 10:58', 'viernes, 19 de junio de 2015, Hora 10:58', '2015-06-19 15:58:57', '2015-06-19 15:58:57'),
(238, 50, 2, 1, '100', '19 de junio - 11:01', 'viernes, 19 de junio de 2015, Hora 11:01', '2015-06-19 16:01:27', '2015-06-19 16:01:27'),
(239, 50, 2, 1, '100', '19 de junio - 11:01', 'viernes, 19 de junio de 2015, Hora 11:01', '2015-06-19 16:01:31', '2015-06-19 16:01:31'),
(240, 51, 2, 1, '200', '19 de junio - 11:02', 'viernes, 19 de junio de 2015, Hora 11:02', '2015-06-19 16:02:16', '2015-06-19 16:02:16'),
(241, 51, 2, 1, '100', '19 de junio - 11:02', 'viernes, 19 de junio de 2015, Hora 11:02', '2015-06-19 16:02:19', '2015-06-19 16:02:19'),
(242, 51, 2, 1, '200', '19 de junio - 11:02', 'viernes, 19 de junio de 2015, Hora 11:02', '2015-06-19 16:02:21', '2015-06-19 16:02:21'),
(243, 51, 2, 1, '1000', '19 de junio - 11:02', 'viernes, 19 de junio de 2015, Hora 11:02', '2015-06-19 16:02:24', '2015-06-19 16:02:24'),
(244, 51, 2, 1, '200', '19 de junio - 11:02', 'viernes, 19 de junio de 2015, Hora 11:02', '2015-06-19 16:02:28', '2015-06-19 16:02:28'),
(245, 51, 2, 1, '100', '19 de junio - 11:02', 'viernes, 19 de junio de 2015, Hora 11:02', '2015-06-19 16:02:31', '2015-06-19 16:02:31'),
(246, 51, 2, 1, '200', '19 de junio - 11:02', 'viernes, 19 de junio de 2015, Hora 11:02', '2015-06-19 16:02:34', '2015-06-19 16:02:34'),
(247, 52, 2, 1, '200', '19 de junio - 11:04', 'viernes, 19 de junio de 2015, Hora 11:04', '2015-06-19 16:04:13', '2015-06-19 16:04:13'),
(248, 52, 2, 1, '100', '19 de junio - 11:04', 'viernes, 19 de junio de 2015, Hora 11:04', '2015-06-19 16:04:24', '2015-06-19 16:04:24'),
(249, 53, 2, 1, '100', '19 de junio - 11:08', 'viernes, 19 de junio de 2015, Hora 11:08', '2015-06-19 16:08:47', '2015-06-19 16:08:47'),
(250, 54, 2, 1, '100', '19 de junio - 11:10', 'viernes, 19 de junio de 2015, Hora 11:10', '2015-06-19 16:10:31', '2015-06-19 16:10:31'),
(251, 54, 2, 1, '1000', '19 de junio - 11:10', 'viernes, 19 de junio de 2015, Hora 11:10', '2015-06-19 16:10:35', '2015-06-19 16:10:35'),
(252, 55, 2, 1, '200', '19 de junio - 11:12', 'viernes, 19 de junio de 2015, Hora 11:12', '2015-06-19 16:12:13', '2015-06-19 16:12:13'),
(253, 55, 2, 1, '100', '19 de junio - 11:12', 'viernes, 19 de junio de 2015, Hora 11:12', '2015-06-19 16:12:19', '2015-06-19 16:12:19'),
(254, 55, 2, 1, '200', '19 de junio - 11:12', 'viernes, 19 de junio de 2015, Hora 11:12', '2015-06-19 16:12:27', '2015-06-19 16:12:27'),
(255, 55, 2, 1, '100', '19 de junio - 11:12', 'viernes, 19 de junio de 2015, Hora 11:12', '2015-06-19 16:12:32', '2015-06-19 16:12:32'),
(256, 56, 2, 1, '100', '19 de junio - 11:14', 'viernes, 19 de junio de 2015, Hora 11:14', '2015-06-19 16:14:37', '2015-06-19 16:14:37'),
(257, 56, 2, 1, '200', '19 de junio - 11:14', 'viernes, 19 de junio de 2015, Hora 11:14', '2015-06-19 16:14:43', '2015-06-19 16:14:43'),
(258, 56, 2, 1, '200', '19 de junio - 11:14', 'viernes, 19 de junio de 2015, Hora 11:14', '2015-06-19 16:14:45', '2015-06-19 16:14:45'),
(259, 57, 2, 1, '500', '19 de junio - 11:22', 'viernes, 19 de junio de 2015, Hora 11:22', '2015-06-19 16:22:52', '2015-06-19 16:22:52'),
(260, 57, 2, 1, '200', '19 de junio - 11:23', 'viernes, 19 de junio de 2015, Hora 11:23', '2015-06-19 16:23:01', '2015-06-19 16:23:01'),
(261, 57, 2, 1, '200', '19 de junio - 11:23', 'viernes, 19 de junio de 2015, Hora 11:23', '2015-06-19 16:23:04', '2015-06-19 16:23:04'),
(262, 58, 2, 1, '500', '19 de junio - 11:25', 'viernes, 19 de junio de 2015, Hora 11:25', '2015-06-19 16:25:39', '2015-06-19 16:25:39'),
(263, 58, 2, 1, '200', '19 de junio - 11:25', 'viernes, 19 de junio de 2015, Hora 11:25', '2015-06-19 16:25:44', '2015-06-19 16:25:44'),
(264, 58, 2, 1, '100', '19 de junio - 11:25', 'viernes, 19 de junio de 2015, Hora 11:25', '2015-06-19 16:25:48', '2015-06-19 16:25:48'),
(265, 59, 2, 1, '1000', '19 de junio - 11:26', 'viernes, 19 de junio de 2015, Hora 11:26', '2015-06-19 16:26:21', '2015-06-19 16:26:21'),
(266, 59, 2, 1, '500', '19 de junio - 11:26', 'viernes, 19 de junio de 2015, Hora 11:26', '2015-06-19 16:26:28', '2015-06-19 16:26:28'),
(267, 59, 2, 1, '200', '19 de junio - 11:26', 'viernes, 19 de junio de 2015, Hora 11:26', '2015-06-19 16:26:34', '2015-06-19 16:26:34'),
(268, 59, 2, 1, '100', '19 de junio - 11:26', 'viernes, 19 de junio de 2015, Hora 11:26', '2015-06-19 16:26:41', '2015-06-19 16:26:41'),
(269, 60, 2, 1, '500', '19 de junio - 11:27', 'viernes, 19 de junio de 2015, Hora 11:27', '2015-06-19 16:27:56', '2015-06-19 16:27:56'),
(270, 61, 2, 1, '200', '19 de junio - 11:33', 'viernes, 19 de junio de 2015, Hora 11:33', '2015-06-19 16:33:31', '2015-06-19 16:33:31'),
(271, 62, 2, 1, '200', '19 de junio - 11:35', 'viernes, 19 de junio de 2015, Hora 11:35', '2015-06-19 16:35:25', '2015-06-19 16:35:25'),
(272, 62, 2, 1, '100', '19 de junio - 11:35', 'viernes, 19 de junio de 2015, Hora 11:35', '2015-06-19 16:35:33', '2015-06-19 16:35:33'),
(273, 63, 2, 1, '200', '19 de junio - 11:36', 'viernes, 19 de junio de 2015, Hora 11:36', '2015-06-19 16:36:11', '2015-06-19 16:36:11'),
(274, 1, 55, 1, '200', '19 de junio - 11:38', 'viernes, 19 de junio de 2015, Hora 11:38', '2015-06-19 16:38:55', '2015-06-19 16:38:55'),
(275, 1, 55, 1, '100', '19 de junio - 11:39', 'viernes, 19 de junio de 2015, Hora 11:39', '2015-06-19 16:39:00', '2015-06-19 16:39:00'),
(276, 1, 55, 1, '500', '19 de junio - 11:39', 'viernes, 19 de junio de 2015, Hora 11:39', '2015-06-19 16:39:06', '2015-06-19 16:39:06'),
(277, 1, 55, 1, '100', '19 de junio - 11:39', 'viernes, 19 de junio de 2015, Hora 11:39', '2015-06-19 16:39:15', '2015-06-19 16:39:15'),
(278, 1, 55, 1, '200', '19 de junio - 11:39', 'viernes, 19 de junio de 2015, Hora 11:39', '2015-06-19 16:39:21', '2015-06-19 16:39:21'),
(279, 64, 2, 1, '100', '19 de junio - 11:39', 'viernes, 19 de junio de 2015, Hora 11:39', '2015-06-19 16:39:50', '2015-06-19 16:39:50'),
(280, 64, 2, 1, '200', '19 de junio - 11:39', 'viernes, 19 de junio de 2015, Hora 11:39', '2015-06-19 16:39:55', '2015-06-19 16:39:55'),
(281, 64, 2, 1, '1000', '19 de junio - 11:39', 'viernes, 19 de junio de 2015, Hora 11:39', '2015-06-19 16:39:58', '2015-06-19 16:39:58'),
(282, 64, 2, 1, '500', '19 de junio - 11:40', 'viernes, 19 de junio de 2015, Hora 11:40', '2015-06-19 16:40:03', '2015-06-19 16:40:03'),
(283, 2, 55, 1, '200', '19 de junio - 11:58', 'viernes, 19 de junio de 2015, Hora 11:58', '2015-06-19 16:58:13', '2015-06-19 16:58:13'),
(284, 2, 55, 1, '500', '19 de junio - 11:58', 'viernes, 19 de junio de 2015, Hora 11:58', '2015-06-19 16:58:18', '2015-06-19 16:58:18'),
(285, 2, 55, 1, '1000', '19 de junio - 11:58', 'viernes, 19 de junio de 2015, Hora 11:58', '2015-06-19 16:58:21', '2015-06-19 16:58:21'),
(286, 2, 55, 1, '100', '19 de junio - 11:58', 'viernes, 19 de junio de 2015, Hora 11:58', '2015-06-19 16:58:24', '2015-06-19 16:58:24'),
(287, 2, 55, 1, '200', '19 de junio - 11:58', 'viernes, 19 de junio de 2015, Hora 11:58', '2015-06-19 16:58:26', '2015-06-19 16:58:26'),
(288, 65, 2, 1, '100', '19 de junio - 11:59', 'viernes, 19 de junio de 2015, Hora 11:59', '2015-06-19 16:59:17', '2015-06-19 16:59:17'),
(289, 65, 2, 1, '100', '19 de junio - 11:59', 'viernes, 19 de junio de 2015, Hora 11:59', '2015-06-19 16:59:21', '2015-06-19 16:59:21'),
(290, 65, 2, 1, '500', '19 de junio - 11:59', 'viernes, 19 de junio de 2015, Hora 11:59', '2015-06-19 16:59:26', '2015-06-19 16:59:26'),
(291, 65, 2, 1, '200', '19 de junio - 11:59', 'viernes, 19 de junio de 2015, Hora 11:59', '2015-06-19 16:59:31', '2015-06-19 16:59:31'),
(292, 65, 2, 1, '500', '19 de junio - 11:59', 'viernes, 19 de junio de 2015, Hora 11:59', '2015-06-19 16:59:35', '2015-06-19 16:59:35'),
(293, 65, 2, 1, '200', '19 de junio - 11:59', 'viernes, 19 de junio de 2015, Hora 11:59', '2015-06-19 16:59:41', '2015-06-19 16:59:41'),
(294, 65, 2, 1, '1000', '19 de junio - 11:59', 'viernes, 19 de junio de 2015, Hora 11:59', '2015-06-19 16:59:45', '2015-06-19 16:59:45'),
(295, 66, 2, 1, '200', '19 de junio - 12:02', 'viernes, 19 de junio de 2015, Hora 12:02', '2015-06-19 17:02:09', '2015-06-19 17:02:09'),
(296, 66, 2, 1, '100', '19 de junio - 12:02', 'viernes, 19 de junio de 2015, Hora 12:02', '2015-06-19 17:02:22', '2015-06-19 17:02:22'),
(297, 66, 2, 1, '100', '19 de junio - 12:02', 'viernes, 19 de junio de 2015, Hora 12:02', '2015-06-19 17:02:25', '2015-06-19 17:02:25'),
(298, 67, 2, 1, '200', '19 de junio - 12:04', 'viernes, 19 de junio de 2015, Hora 12:04', '2015-06-19 17:04:21', '2015-06-19 17:04:21'),
(299, 67, 2, 1, '100', '19 de junio - 12:04', 'viernes, 19 de junio de 2015, Hora 12:04', '2015-06-19 17:04:28', '2015-06-19 17:04:28'),
(300, 67, 2, 1, '100', '19 de junio - 12:04', 'viernes, 19 de junio de 2015, Hora 12:04', '2015-06-19 17:04:31', '2015-06-19 17:04:31'),
(301, 68, 2, 1, '200', '19 de junio - 13:02', 'viernes, 19 de junio de 2015, Hora 13:02', '2015-06-19 18:02:11', '2015-06-19 18:02:11'),
(302, 68, 2, 1, '100', '19 de junio - 13:02', 'viernes, 19 de junio de 2015, Hora 13:02', '2015-06-19 18:02:17', '2015-06-19 18:02:17'),
(303, 68, 2, 1, '500', '19 de junio - 13:02', 'viernes, 19 de junio de 2015, Hora 13:02', '2015-06-19 18:02:24', '2015-06-19 18:02:24'),
(304, 68, 2, 1, '1000', '19 de junio - 13:02', 'viernes, 19 de junio de 2015, Hora 13:02', '2015-06-19 18:02:33', '2015-06-19 18:02:33'),
(305, 68, 2, 1, '500', '19 de junio - 13:02', 'viernes, 19 de junio de 2015, Hora 13:02', '2015-06-19 18:02:41', '2015-06-19 18:02:41'),
(306, 68, 2, 1, '100', '19 de junio - 13:02', 'viernes, 19 de junio de 2015, Hora 13:02', '2015-06-19 18:02:44', '2015-06-19 18:02:44'),
(307, 69, 2, 1, '200', '19 de junio - 13:35', 'viernes, 19 de junio de 2015, Hora 13:35', '2015-06-19 18:35:00', '2015-06-19 18:35:00'),
(308, 69, 2, 1, '100', '19 de junio - 13:35', 'viernes, 19 de junio de 2015, Hora 13:35', '2015-06-19 18:35:05', '2015-06-19 18:35:05'),
(309, 69, 2, 1, '500', '19 de junio - 13:35', 'viernes, 19 de junio de 2015, Hora 13:35', '2015-06-19 18:35:11', '2015-06-19 18:35:11'),
(310, 69, 2, 1, '100', '19 de junio - 13:35', 'viernes, 19 de junio de 2015, Hora 13:35', '2015-06-19 18:35:17', '2015-06-19 18:35:17'),
(311, 69, 2, 1, '100', '19 de junio - 13:35', 'viernes, 19 de junio de 2015, Hora 13:35', '2015-06-19 18:35:22', '2015-06-19 18:35:22'),
(312, 70, 2, 1, '500', '19 de junio - 14:32', 'viernes, 19 de junio de 2015, Hora 14:32', '2015-06-19 19:32:42', '2015-06-19 19:32:42'),
(313, 70, 2, 1, '200', '19 de junio - 14:32', 'viernes, 19 de junio de 2015, Hora 14:32', '2015-06-19 19:32:51', '2015-06-19 19:32:51'),
(314, 70, 2, 1, '100', '19 de junio - 14:33', 'viernes, 19 de junio de 2015, Hora 14:33', '2015-06-19 19:33:02', '2015-06-19 19:33:02'),
(315, 70, 2, 1, '100', '19 de junio - 14:33', 'viernes, 19 de junio de 2015, Hora 14:33', '2015-06-19 19:33:09', '2015-06-19 19:33:09'),
(316, 70, 2, 1, '200', '19 de junio - 14:33', 'viernes, 19 de junio de 2015, Hora 14:33', '2015-06-19 19:33:15', '2015-06-19 19:33:15'),
(317, 70, 2, 1, '100', '19 de junio - 14:33', 'viernes, 19 de junio de 2015, Hora 14:33', '2015-06-19 19:33:23', '2015-06-19 19:33:23'),
(318, 71, 2, 1, '100', '19 de junio - 14:40', 'viernes, 19 de junio de 2015, Hora 14:40', '2015-06-19 19:40:14', '2015-06-19 19:40:14'),
(319, 72, 2, 1, '500', '19 de junio - 14:46', 'viernes, 19 de junio de 2015, Hora 14:46', '2015-06-19 19:46:18', '2015-06-19 19:46:18'),
(320, 73, 2, 1, '500', '19 de junio - 14:47', 'viernes, 19 de junio de 2015, Hora 14:47', '2015-06-19 19:47:08', '2015-06-19 19:47:08'),
(321, 74, 2, 1, '100', '19 de junio - 14:47', 'viernes, 19 de junio de 2015, Hora 14:47', '2015-06-19 19:47:48', '2015-06-19 19:47:48'),
(322, 75, 2, 1, '500', '19 de junio - 14:49', 'viernes, 19 de junio de 2015, Hora 14:49', '2015-06-19 19:49:06', '2015-06-19 19:49:06'),
(323, 76, 2, 1, '1000', '19 de junio - 14:59', 'viernes, 19 de junio de 2015, Hora 14:59', '2015-06-19 19:59:04', '2015-06-19 19:59:04'),
(324, 77, 2, 1, '500', '19 de junio - 15:01', 'viernes, 19 de junio de 2015, Hora 15:01', '2015-06-19 20:01:34', '2015-06-19 20:01:34'),
(325, 78, 2, 1, '200', '19 de junio - 15:09', 'viernes, 19 de junio de 2015, Hora 15:09', '2015-06-19 20:09:41', '2015-06-19 20:09:41'),
(326, 79, 2, 1, '500', '19 de junio - 15:11', 'viernes, 19 de junio de 2015, Hora 15:11', '2015-06-19 20:11:48', '2015-06-19 20:11:48'),
(327, 80, 2, 1, '200', '19 de junio - 15:13', 'viernes, 19 de junio de 2015, Hora 15:13', '2015-06-19 20:13:04', '2015-06-19 20:13:04'),
(328, 81, 2, 1, '100', '19 de junio - 15:36', 'viernes, 19 de junio de 2015, Hora 15:36', '2015-06-19 20:36:05', '2015-06-19 20:36:05'),
(329, 81, 2, 1, '100', '19 de junio - 15:36', 'viernes, 19 de junio de 2015, Hora 15:36', '2015-06-19 20:36:09', '2015-06-19 20:36:09'),
(330, 81, 2, 1, '200', '19 de junio - 15:36', 'viernes, 19 de junio de 2015, Hora 15:36', '2015-06-19 20:36:19', '2015-06-19 20:36:19'),
(331, 81, 2, 1, '200', '19 de junio - 15:36', 'viernes, 19 de junio de 2015, Hora 15:36', '2015-06-19 20:36:24', '2015-06-19 20:36:24'),
(332, 81, 2, 1, '100', '19 de junio - 15:36', 'viernes, 19 de junio de 2015, Hora 15:36', '2015-06-19 20:36:32', '2015-06-19 20:36:32'),
(333, 81, 2, 1, '500', '19 de junio - 15:36', 'viernes, 19 de junio de 2015, Hora 15:36', '2015-06-19 20:36:34', '2015-06-19 20:36:34'),
(334, 81, 2, 1, '200', '19 de junio - 15:36', 'viernes, 19 de junio de 2015, Hora 15:36', '2015-06-19 20:36:44', '2015-06-19 20:36:44'),
(335, 81, 2, 1, '1000', '19 de junio - 15:36', 'viernes, 19 de junio de 2015, Hora 15:36', '2015-06-19 20:36:49', '2015-06-19 20:36:49'),
(336, 81, 2, 1, '200', '19 de junio - 15:36', 'viernes, 19 de junio de 2015, Hora 15:36', '2015-06-19 20:36:53', '2015-06-19 20:36:53'),
(337, 82, 2, 1, '100', '19 de junio - 15:37', 'viernes, 19 de junio de 2015, Hora 15:37', '2015-06-19 20:37:44', '2015-06-19 20:37:44'),
(338, 82, 2, 1, '200', '19 de junio - 15:37', 'viernes, 19 de junio de 2015, Hora 15:37', '2015-06-19 20:37:45', '2015-06-19 20:37:45'),
(339, 82, 2, 1, '100', '19 de junio - 15:37', 'viernes, 19 de junio de 2015, Hora 15:37', '2015-06-19 20:37:46', '2015-06-19 20:37:46'),
(340, 82, 2, 1, '100', '19 de junio - 15:37', 'viernes, 19 de junio de 2015, Hora 15:37', '2015-06-19 20:37:50', '2015-06-19 20:37:50'),
(341, 82, 2, 1, '100', '19 de junio - 15:37', 'viernes, 19 de junio de 2015, Hora 15:37', '2015-06-19 20:37:51', '2015-06-19 20:37:51'),
(342, 82, 2, 1, '200', '19 de junio - 15:37', 'viernes, 19 de junio de 2015, Hora 15:37', '2015-06-19 20:37:52', '2015-06-19 20:37:52'),
(343, 82, 2, 1, '100', '19 de junio - 15:37', 'viernes, 19 de junio de 2015, Hora 15:37', '2015-06-19 20:37:54', '2015-06-19 20:37:54'),
(344, 82, 2, 1, '1000', '19 de junio - 15:37', 'viernes, 19 de junio de 2015, Hora 15:37', '2015-06-19 20:37:55', '2015-06-19 20:37:55'),
(345, 82, 2, 1, '200', '19 de junio - 15:37', 'viernes, 19 de junio de 2015, Hora 15:37', '2015-06-19 20:37:59', '2015-06-19 20:37:59'),
(346, 82, 2, 1, '200', '19 de junio - 15:38', 'viernes, 19 de junio de 2015, Hora 15:38', '2015-06-19 20:38:02', '2015-06-19 20:38:02'),
(347, 82, 2, 1, '500', '19 de junio - 15:38', 'viernes, 19 de junio de 2015, Hora 15:38', '2015-06-19 20:38:04', '2015-06-19 20:38:04'),
(348, 82, 2, 1, '100', '19 de junio - 15:38', 'viernes, 19 de junio de 2015, Hora 15:38', '2015-06-19 20:38:08', '2015-06-19 20:38:08'),
(349, 82, 2, 1, '100', '19 de junio - 15:38', 'viernes, 19 de junio de 2015, Hora 15:38', '2015-06-19 20:38:08', '2015-06-19 20:38:08'),
(350, 82, 2, 1, '200', '19 de junio - 15:38', 'viernes, 19 de junio de 2015, Hora 15:38', '2015-06-19 20:38:11', '2015-06-19 20:38:11'),
(351, 82, 2, 1, '100', '19 de junio - 15:38', 'viernes, 19 de junio de 2015, Hora 15:38', '2015-06-19 20:38:12', '2015-06-19 20:38:12'),
(352, 82, 2, 1, '100', '19 de junio - 15:38', 'viernes, 19 de junio de 2015, Hora 15:38', '2015-06-19 20:38:17', '2015-06-19 20:38:17'),
(353, 82, 2, 1, '500', '19 de junio - 15:38', 'viernes, 19 de junio de 2015, Hora 15:38', '2015-06-19 20:38:19', '2015-06-19 20:38:19'),
(354, 83, 2, 1, '200', '19 de junio - 16:58', 'viernes, 19 de junio de 2015, Hora 16:58', '2015-06-19 21:58:32', '2015-06-19 21:58:32'),
(355, 83, 2, 1, '100', '19 de junio - 16:58', 'viernes, 19 de junio de 2015, Hora 16:58', '2015-06-19 21:58:41', '2015-06-19 21:58:41'),
(356, 83, 2, 1, '500', '19 de junio - 16:58', 'viernes, 19 de junio de 2015, Hora 16:58', '2015-06-19 21:58:45', '2015-06-19 21:58:45'),
(357, 83, 2, 1, '100', '19 de junio - 16:58', 'viernes, 19 de junio de 2015, Hora 16:58', '2015-06-19 21:58:49', '2015-06-19 21:58:49'),
(358, 83, 2, 1, '200', '19 de junio - 16:58', 'viernes, 19 de junio de 2015, Hora 16:58', '2015-06-19 21:58:52', '2015-06-19 21:58:52'),
(359, 84, 2, 1, '500', '19 de junio - 16:59', 'viernes, 19 de junio de 2015, Hora 16:59', '2015-06-19 21:59:29', '2015-06-19 21:59:29'),
(360, 84, 2, 1, '100', '19 de junio - 16:59', 'viernes, 19 de junio de 2015, Hora 16:59', '2015-06-19 21:59:33', '2015-06-19 21:59:33'),
(361, 84, 2, 1, '100', '19 de junio - 16:59', 'viernes, 19 de junio de 2015, Hora 16:59', '2015-06-19 21:59:36', '2015-06-19 21:59:36'),
(362, 84, 2, 1, '200', '19 de junio - 16:59', 'viernes, 19 de junio de 2015, Hora 16:59', '2015-06-19 21:59:43', '2015-06-19 21:59:43'),
(363, 84, 2, 1, '100', '19 de junio - 16:59', 'viernes, 19 de junio de 2015, Hora 16:59', '2015-06-19 21:59:48', '2015-06-19 21:59:48'),
(364, 3, 55, 1, '200', '19 de junio - 17:36', 'viernes, 19 de junio de 2015, Hora 17:36', '2015-06-19 22:36:00', '2015-06-19 22:36:00'),
(365, 3, 55, 1, '100', '19 de junio - 17:36', 'viernes, 19 de junio de 2015, Hora 17:36', '2015-06-19 22:36:01', '2015-06-19 22:36:01'),
(366, 3, 55, 1, '200', '19 de junio - 17:36', 'viernes, 19 de junio de 2015, Hora 17:36', '2015-06-19 22:36:03', '2015-06-19 22:36:03'),
(367, 85, 2, 1, '200', '22 de junio - 15:02', 'lunes, 22 de junio de 2015, Hora 15:02', '2015-06-22 20:02:19', '2015-06-22 20:02:19'),
(368, 85, 2, 1, '100', '22 de junio - 15:02', 'lunes, 22 de junio de 2015, Hora 15:02', '2015-06-22 20:02:22', '2015-06-22 20:02:22'),
(369, 85, 2, 1, '200', '22 de junio - 15:02', 'lunes, 22 de junio de 2015, Hora 15:02', '2015-06-22 20:02:29', '2015-06-22 20:02:29'),
(370, 85, 2, 1, '100', '22 de junio - 15:02', 'lunes, 22 de junio de 2015, Hora 15:02', '2015-06-22 20:02:31', '2015-06-22 20:02:31'),
(371, 86, 2, 1, '200', '22 de junio - 15:26', 'lunes, 22 de junio de 2015, Hora 15:26', '2015-06-22 20:26:04', '2015-06-22 20:26:04'),
(372, 86, 2, 1, '100', '22 de junio - 15:26', 'lunes, 22 de junio de 2015, Hora 15:26', '2015-06-22 20:26:13', '2015-06-22 20:26:13'),
(373, 86, 2, 1, '100', '22 de junio - 15:26', 'lunes, 22 de junio de 2015, Hora 15:26', '2015-06-22 20:26:19', '2015-06-22 20:26:19'),
(374, 86, 2, 1, '500', '22 de junio - 15:26', 'lunes, 22 de junio de 2015, Hora 15:26', '2015-06-22 20:26:26', '2015-06-22 20:26:26'),
(375, 87, 2, 1, '100', '22 de junio - 16:09', 'lunes, 22 de junio de 2015, Hora 16:09', '2015-06-22 21:09:04', '2015-06-22 21:09:04'),
(376, 87, 2, 1, '200', '22 de junio - 16:09', 'lunes, 22 de junio de 2015, Hora 16:09', '2015-06-22 21:09:11', '2015-06-22 21:09:11'),
(377, 87, 2, 1, '500', '22 de junio - 16:09', 'lunes, 22 de junio de 2015, Hora 16:09', '2015-06-22 21:09:18', '2015-06-22 21:09:18'),
(378, 87, 2, 1, '1000', '22 de junio - 16:09', 'lunes, 22 de junio de 2015, Hora 16:09', '2015-06-22 21:09:29', '2015-06-22 21:09:29'),
(379, 88, 2, 1, '500', '22 de junio - 17:28', 'lunes, 22 de junio de 2015, Hora 17:28', '2015-06-22 22:28:35', '2015-06-22 22:28:35'),
(380, 88, 2, 1, '100', '22 de junio - 17:28', 'lunes, 22 de junio de 2015, Hora 17:28', '2015-06-22 22:28:38', '2015-06-22 22:28:38'),
(381, 88, 2, 1, '500', '22 de junio - 17:28', 'lunes, 22 de junio de 2015, Hora 17:28', '2015-06-22 22:28:41', '2015-06-22 22:28:41'),
(382, 88, 2, 1, '100', '22 de junio - 17:28', 'lunes, 22 de junio de 2015, Hora 17:28', '2015-06-22 22:28:42', '2015-06-22 22:28:42');
INSERT INTO `ahorro` (`id`, `consecutivo`, `user_id`, `alcancia_id`, `moneda`, `fecha_corta`, `fecha`, `created_at`, `updated_at`) VALUES
(383, 88, 2, 1, '200', '22 de junio - 17:28', 'lunes, 22 de junio de 2015, Hora 17:28', '2015-06-22 22:28:46', '2015-06-22 22:28:46'),
(384, 89, 2, 1, '200', '23 de junio - 11:59', 'martes, 23 de junio de 2015, Hora 11:59', '2015-06-23 16:59:52', '2015-06-23 16:59:52'),
(385, 89, 2, 1, '500', '23 de junio - 11:59', 'martes, 23 de junio de 2015, Hora 11:59', '2015-06-23 16:59:56', '2015-06-23 16:59:56'),
(386, 89, 2, 1, '1000', '23 de junio - 11:59', 'martes, 23 de junio de 2015, Hora 11:59', '2015-06-23 16:59:59', '2015-06-23 16:59:59'),
(387, 89, 2, 1, '100', '23 de junio - 12:00', 'martes, 23 de junio de 2015, Hora 12:00', '2015-06-23 17:00:08', '2015-06-23 17:00:08'),
(388, 90, 2, 1, '200', '23 de junio - 13:05', 'martes, 23 de junio de 2015, Hora 13:05', '2015-06-23 18:05:14', '2015-06-23 18:05:14'),
(389, 90, 2, 1, '100', '23 de junio - 13:05', 'martes, 23 de junio de 2015, Hora 13:05', '2015-06-23 18:05:18', '2015-06-23 18:05:18'),
(390, 90, 2, 1, '500', '23 de junio - 13:05', 'martes, 23 de junio de 2015, Hora 13:05', '2015-06-23 18:05:20', '2015-06-23 18:05:20'),
(391, 90, 2, 1, '1000', '23 de junio - 13:05', 'martes, 23 de junio de 2015, Hora 13:05', '2015-06-23 18:05:31', '2015-06-23 18:05:31'),
(392, 91, 2, 1, '200', '23 de junio - 17:56', 'martes, 23 de junio de 2015, Hora 17:56', '2015-06-23 22:56:36', '2015-06-23 22:56:36'),
(393, 91, 2, 1, '100', '23 de junio - 17:56', 'martes, 23 de junio de 2015, Hora 17:56', '2015-06-23 22:56:39', '2015-06-23 22:56:39'),
(394, 91, 2, 1, '500', '23 de junio - 17:56', 'martes, 23 de junio de 2015, Hora 17:56', '2015-06-23 22:56:42', '2015-06-23 22:56:42'),
(395, 91, 2, 1, '1000', '23 de junio - 17:56', 'martes, 23 de junio de 2015, Hora 17:56', '2015-06-23 22:56:53', '2015-06-23 22:56:53'),
(396, 92, 2, 1, '200', '23 de junio - 18:10', 'martes, 23 de junio de 2015, Hora 18:10', '2015-06-23 23:10:48', '2015-06-23 23:10:48'),
(397, 92, 2, 1, '100', '23 de junio - 18:10', 'martes, 23 de junio de 2015, Hora 18:10', '2015-06-23 23:10:51', '2015-06-23 23:10:51'),
(398, 92, 2, 1, '500', '23 de junio - 18:10', 'martes, 23 de junio de 2015, Hora 18:10', '2015-06-23 23:10:56', '2015-06-23 23:10:56'),
(399, 92, 2, 1, '1000', '23 de junio - 18:11', 'martes, 23 de junio de 2015, Hora 18:11', '2015-06-23 23:11:00', '2015-06-23 23:11:00'),
(400, 93, 2, 1, '500', '23 de junio - 18:19', 'martes, 23 de junio de 2015, Hora 18:19', '2015-06-23 23:19:39', '2015-06-23 23:19:39'),
(401, 93, 2, 1, '100', '23 de junio - 18:19', 'martes, 23 de junio de 2015, Hora 18:19', '2015-06-23 23:19:45', '2015-06-23 23:19:45'),
(402, 93, 2, 1, '100', '23 de junio - 18:19', 'martes, 23 de junio de 2015, Hora 18:19', '2015-06-23 23:19:50', '2015-06-23 23:19:50'),
(403, 93, 2, 1, '1000', '23 de junio - 18:19', 'martes, 23 de junio de 2015, Hora 18:19', '2015-06-23 23:19:56', '2015-06-23 23:19:56'),
(404, 94, 2, 1, '200', '25 de junio - 09:59', 'jueves, 25 de junio de 2015, Hora 09:59', '2015-06-25 14:59:28', '2015-06-25 14:59:28'),
(405, 94, 2, 1, '500', '25 de junio - 09:59', 'jueves, 25 de junio de 2015, Hora 09:59', '2015-06-25 14:59:31', '2015-06-25 14:59:31'),
(406, 95, 2, 1, '500', '25 de junio - 10:49', 'jueves, 25 de junio de 2015, Hora 10:49', '2015-06-25 15:49:00', '2015-06-25 15:49:00'),
(407, 96, 2, 1, '200', '25 de junio - 11:26', 'jueves, 25 de junio de 2015, Hora 11:26', '2015-06-25 16:26:50', '2015-06-25 16:26:50'),
(408, 96, 2, 1, '500', '25 de junio - 11:27', 'jueves, 25 de junio de 2015, Hora 11:27', '2015-06-25 16:27:04', '2015-06-25 16:27:04'),
(409, 96, 2, 1, '200', '25 de junio - 11:27', 'jueves, 25 de junio de 2015, Hora 11:27', '2015-06-25 16:27:06', '2015-06-25 16:27:06'),
(410, 96, 2, 1, '100', '25 de junio - 11:27', 'jueves, 25 de junio de 2015, Hora 11:27', '2015-06-25 16:27:08', '2015-06-25 16:27:08'),
(411, 96, 2, 1, '1000', '25 de junio - 11:27', 'jueves, 25 de junio de 2015, Hora 11:27', '2015-06-25 16:27:10', '2015-06-25 16:27:10'),
(412, 97, 2, 1, '200', '25 de junio - 13:51', 'jueves, 25 de junio de 2015, Hora 13:51', '2015-06-25 18:51:37', '2015-06-25 18:51:37'),
(413, 97, 2, 1, '200', '25 de junio - 13:51', 'jueves, 25 de junio de 2015, Hora 13:51', '2015-06-25 18:51:48', '2015-06-25 18:51:48'),
(414, 98, 2, 1, '200', '25 de junio - 14:02', 'jueves, 25 de junio de 2015, Hora 14:02', '2015-06-25 19:02:12', '2015-06-25 19:02:12'),
(415, 98, 2, 1, '100', '25 de junio - 14:02', 'jueves, 25 de junio de 2015, Hora 14:02', '2015-06-25 19:02:19', '2015-06-25 19:02:19'),
(416, 99, 2, 1, '500', '25 de junio - 15:51', 'jueves, 25 de junio de 2015, Hora 15:51', '2015-06-25 20:51:36', '2015-06-25 20:51:36'),
(417, 99, 2, 1, '1000', '25 de junio - 15:51', 'jueves, 25 de junio de 2015, Hora 15:51', '2015-06-25 20:51:38', '2015-06-25 20:51:38'),
(418, 100, 2, 1, '100', '25 de junio - 16:02', 'jueves, 25 de junio de 2015, Hora 16:02', '2015-06-25 21:02:38', '2015-06-25 21:02:38'),
(419, 100, 2, 1, '500', '25 de junio - 16:02', 'jueves, 25 de junio de 2015, Hora 16:02', '2015-06-25 21:02:43', '2015-06-25 21:02:43'),
(420, 100, 2, 1, '200', '25 de junio - 16:02', 'jueves, 25 de junio de 2015, Hora 16:02', '2015-06-25 21:02:47', '2015-06-25 21:02:47'),
(421, 100, 2, 1, '1000', '25 de junio - 16:02', 'jueves, 25 de junio de 2015, Hora 16:02', '2015-06-25 21:02:54', '2015-06-25 21:02:54'),
(422, 101, 2, 1, '100', '25 de junio - 16:08', 'jueves, 25 de junio de 2015, Hora 16:08', '2015-06-25 21:08:18', '2015-06-25 21:08:18'),
(423, 101, 2, 1, '200', '25 de junio - 16:08', 'jueves, 25 de junio de 2015, Hora 16:08', '2015-06-25 21:08:30', '2015-06-25 21:08:30'),
(424, 4, 55, 1, '500', '25 de junio - 16:08', 'jueves, 25 de junio de 2015, Hora 16:08', '2015-06-25 21:08:53', '2015-06-25 21:08:53'),
(425, 4, 55, 1, '1000', '25 de junio - 16:09', 'jueves, 25 de junio de 2015, Hora 16:09', '2015-06-25 21:09:01', '2015-06-25 21:09:01'),
(426, 4, 55, 1, '200', '25 de junio - 16:09', 'jueves, 25 de junio de 2015, Hora 16:09', '2015-06-25 21:09:06', '2015-06-25 21:09:06'),
(427, 4, 55, 1, '100', '25 de junio - 16:09', 'jueves, 25 de junio de 2015, Hora 16:09', '2015-06-25 21:09:11', '2015-06-25 21:09:11'),
(428, 102, 2, 1, '500', '25 de junio - 16:30', 'jueves, 25 de junio de 2015, Hora 16:30', '2015-06-25 21:30:36', '2015-06-25 21:30:36'),
(429, 103, 2, 1, '1000', '25 de junio - 16:33', 'jueves, 25 de junio de 2015, Hora 16:33', '2015-06-25 21:33:30', '2015-06-25 21:33:30'),
(430, 104, 2, 1, '100', '25 de junio - 16:34', 'jueves, 25 de junio de 2015, Hora 16:34', '2015-06-25 21:34:11', '2015-06-25 21:34:11'),
(431, 104, 2, 1, '100', '25 de junio - 16:34', 'jueves, 25 de junio de 2015, Hora 16:34', '2015-06-25 21:34:13', '2015-06-25 21:34:13'),
(432, 105, 2, 1, '200', '25 de junio - 16:37', 'jueves, 25 de junio de 2015, Hora 16:37', '2015-06-25 21:37:39', '2015-06-25 21:37:39'),
(433, 105, 2, 1, '100', '25 de junio - 16:37', 'jueves, 25 de junio de 2015, Hora 16:37', '2015-06-25 21:37:43', '2015-06-25 21:37:43'),
(434, 105, 2, 1, '500', '25 de junio - 16:37', 'jueves, 25 de junio de 2015, Hora 16:37', '2015-06-25 21:37:48', '2015-06-25 21:37:48'),
(435, 105, 2, 1, '1000', '25 de junio - 16:37', 'jueves, 25 de junio de 2015, Hora 16:37', '2015-06-25 21:37:50', '2015-06-25 21:37:50'),
(436, 106, 2, 1, '100', '25 de junio - 16:42', 'jueves, 25 de junio de 2015, Hora 16:42', '2015-06-25 21:42:21', '2015-06-25 21:42:21'),
(437, 106, 2, 1, '100', '25 de junio - 16:42', 'jueves, 25 de junio de 2015, Hora 16:42', '2015-06-25 21:42:24', '2015-06-25 21:42:24'),
(438, 106, 2, 1, '200', '25 de junio - 16:42', 'jueves, 25 de junio de 2015, Hora 16:42', '2015-06-25 21:42:27', '2015-06-25 21:42:27'),
(439, 106, 2, 1, '100', '25 de junio - 16:42', 'jueves, 25 de junio de 2015, Hora 16:42', '2015-06-25 21:42:31', '2015-06-25 21:42:31'),
(440, 107, 2, 1, '500', '25 de junio - 16:46', 'jueves, 25 de junio de 2015, Hora 16:46', '2015-06-25 21:46:50', '2015-06-25 21:46:50'),
(441, 107, 2, 1, '100', '25 de junio - 16:46', 'jueves, 25 de junio de 2015, Hora 16:46', '2015-06-25 21:46:54', '2015-06-25 21:46:54'),
(442, 107, 2, 1, '1000', '25 de junio - 16:46', 'jueves, 25 de junio de 2015, Hora 16:46', '2015-06-25 21:46:57', '2015-06-25 21:46:57'),
(443, 107, 2, 1, '200', '25 de junio - 16:47', 'jueves, 25 de junio de 2015, Hora 16:47', '2015-06-25 21:47:00', '2015-06-25 21:47:00'),
(444, 108, 2, 1, '200', '25 de junio - 17:14', 'jueves, 25 de junio de 2015, Hora 17:14', '2015-06-25 22:14:35', '2015-06-25 22:14:35'),
(445, 108, 2, 1, '100', '25 de junio - 17:14', 'jueves, 25 de junio de 2015, Hora 17:14', '2015-06-25 22:14:37', '2015-06-25 22:14:37'),
(446, 109, 2, 1, '1000', '25 de junio - 17:41', 'jueves, 25 de junio de 2015, Hora 17:41', '2015-06-25 22:41:39', '2015-06-25 22:41:39'),
(447, 109, 2, 1, '100', '25 de junio - 17:41', 'jueves, 25 de junio de 2015, Hora 17:41', '2015-06-25 22:41:40', '2015-06-25 22:41:40'),
(448, 109, 2, 1, '500', '25 de junio - 17:41', 'jueves, 25 de junio de 2015, Hora 17:41', '2015-06-25 22:41:42', '2015-06-25 22:41:42'),
(449, 109, 2, 1, '200', '25 de junio - 17:41', 'jueves, 25 de junio de 2015, Hora 17:41', '2015-06-25 22:41:44', '2015-06-25 22:41:44'),
(450, 110, 2, 1, '100', '25 de junio - 17:44', 'jueves, 25 de junio de 2015, Hora 17:44', '2015-06-25 22:44:58', '2015-06-25 22:44:58'),
(451, 110, 2, 1, '100', '25 de junio - 17:45', 'jueves, 25 de junio de 2015, Hora 17:45', '2015-06-25 22:45:02', '2015-06-25 22:45:02'),
(452, 110, 2, 1, '200', '25 de junio - 17:45', 'jueves, 25 de junio de 2015, Hora 17:45', '2015-06-25 22:45:07', '2015-06-25 22:45:07'),
(453, 111, 2, 1, '500', '25 de junio - 17:46', 'jueves, 25 de junio de 2015, Hora 17:46', '2015-06-25 22:46:52', '2015-06-25 22:46:52'),
(454, 111, 2, 1, '200', '25 de junio - 17:46', 'jueves, 25 de junio de 2015, Hora 17:46', '2015-06-25 22:46:56', '2015-06-25 22:46:56'),
(455, 111, 2, 1, '100', '25 de junio - 17:46', 'jueves, 25 de junio de 2015, Hora 17:46', '2015-06-25 22:46:59', '2015-06-25 22:46:59'),
(456, 112, 2, 1, '100', '25 de junio - 17:48', 'jueves, 25 de junio de 2015, Hora 17:48', '2015-06-25 22:48:15', '2015-06-25 22:48:15'),
(457, 112, 2, 1, '200', '25 de junio - 17:48', 'jueves, 25 de junio de 2015, Hora 17:48', '2015-06-25 22:48:20', '2015-06-25 22:48:20'),
(458, 112, 2, 1, '500', '25 de junio - 17:48', 'jueves, 25 de junio de 2015, Hora 17:48', '2015-06-25 22:48:23', '2015-06-25 22:48:23'),
(459, 113, 2, 1, '500', '25 de junio - 17:49', 'jueves, 25 de junio de 2015, Hora 17:49', '2015-06-25 22:49:00', '2015-06-25 22:49:00'),
(460, 113, 2, 1, '200', '25 de junio - 17:49', 'jueves, 25 de junio de 2015, Hora 17:49', '2015-06-25 22:49:03', '2015-06-25 22:49:03'),
(461, 113, 2, 1, '100', '25 de junio - 17:49', 'jueves, 25 de junio de 2015, Hora 17:49', '2015-06-25 22:49:06', '2015-06-25 22:49:06'),
(462, 114, 2, 1, '200', '25 de junio - 17:50', 'jueves, 25 de junio de 2015, Hora 17:50', '2015-06-25 22:50:45', '2015-06-25 22:50:45'),
(463, 114, 2, 1, '1000', '25 de junio - 17:50', 'jueves, 25 de junio de 2015, Hora 17:50', '2015-06-25 22:50:48', '2015-06-25 22:50:48'),
(464, 114, 2, 1, '200', '25 de junio - 17:50', 'jueves, 25 de junio de 2015, Hora 17:50', '2015-06-25 22:50:51', '2015-06-25 22:50:51'),
(465, 114, 2, 1, '100', '25 de junio - 17:50', 'jueves, 25 de junio de 2015, Hora 17:50', '2015-06-25 22:50:54', '2015-06-25 22:50:54'),
(466, 115, 2, 1, '200', '25 de junio - 17:52', 'jueves, 25 de junio de 2015, Hora 17:52', '2015-06-25 22:52:19', '2015-06-25 22:52:19'),
(467, 115, 2, 1, '100', '25 de junio - 17:52', 'jueves, 25 de junio de 2015, Hora 17:52', '2015-06-25 22:52:22', '2015-06-25 22:52:22'),
(468, 115, 2, 1, '1000', '25 de junio - 17:52', 'jueves, 25 de junio de 2015, Hora 17:52', '2015-06-25 22:52:24', '2015-06-25 22:52:24'),
(469, 115, 2, 1, '500', '25 de junio - 17:52', 'jueves, 25 de junio de 2015, Hora 17:52', '2015-06-25 22:52:27', '2015-06-25 22:52:27'),
(470, 116, 2, 1, '500', '26 de junio - 09:46', 'viernes, 26 de junio de 2015, Hora 09:46', '2015-06-26 14:46:50', '2015-06-26 14:46:50'),
(471, 116, 2, 1, '100', '26 de junio - 09:46', 'viernes, 26 de junio de 2015, Hora 09:46', '2015-06-26 14:46:53', '2015-06-26 14:46:53'),
(472, 116, 2, 1, '100', '26 de junio - 09:46', 'viernes, 26 de junio de 2015, Hora 09:46', '2015-06-26 14:46:54', '2015-06-26 14:46:54'),
(473, 116, 2, 1, '200', '26 de junio - 09:46', 'viernes, 26 de junio de 2015, Hora 09:46', '2015-06-26 14:46:56', '2015-06-26 14:46:56'),
(474, 116, 2, 1, '500', '26 de junio - 09:46', 'viernes, 26 de junio de 2015, Hora 09:46', '2015-06-26 14:46:57', '2015-06-26 14:46:57'),
(475, 116, 2, 1, '200', '26 de junio - 09:47', 'viernes, 26 de junio de 2015, Hora 09:47', '2015-06-26 14:47:01', '2015-06-26 14:47:01'),
(476, 116, 2, 1, '200', '26 de junio - 09:47', 'viernes, 26 de junio de 2015, Hora 09:47', '2015-06-26 14:47:02', '2015-06-26 14:47:02'),
(477, 117, 2, 1, '100', '26 de junio - 09:47', 'viernes, 26 de junio de 2015, Hora 09:47', '2015-06-26 14:47:31', '2015-06-26 14:47:31'),
(478, 118, 2, 1, '200', '26 de junio - 09:50', 'viernes, 26 de junio de 2015, Hora 09:50', '2015-06-26 14:50:29', '2015-06-26 14:50:29'),
(479, 118, 2, 1, '100', '26 de junio - 09:50', 'viernes, 26 de junio de 2015, Hora 09:50', '2015-06-26 14:50:34', '2015-06-26 14:50:34'),
(480, 119, 2, 1, '1000', '26 de junio - 09:52', 'viernes, 26 de junio de 2015, Hora 09:52', '2015-06-26 14:52:30', '2015-06-26 14:52:30'),
(481, 119, 2, 1, '200', '26 de junio - 09:52', 'viernes, 26 de junio de 2015, Hora 09:52', '2015-06-26 14:52:36', '2015-06-26 14:52:36'),
(482, 119, 2, 1, '100', '26 de junio - 09:52', 'viernes, 26 de junio de 2015, Hora 09:52', '2015-06-26 14:52:41', '2015-06-26 14:52:41'),
(483, 119, 2, 1, '100', '26 de junio - 09:52', 'viernes, 26 de junio de 2015, Hora 09:52', '2015-06-26 14:52:43', '2015-06-26 14:52:43'),
(484, 1, 61, 1, '100', '26 de junio - 10:25', 'viernes, 26 de junio de 2015, Hora 10:25', '2015-06-26 15:25:00', '2015-06-26 15:25:00'),
(485, 1, 61, 1, '200', '26 de junio - 10:25', 'viernes, 26 de junio de 2015, Hora 10:25', '2015-06-26 15:25:04', '2015-06-26 15:25:04'),
(486, 1, 61, 1, '500', '26 de junio - 10:25', 'viernes, 26 de junio de 2015, Hora 10:25', '2015-06-26 15:25:08', '2015-06-26 15:25:08'),
(487, 1, 61, 1, '1000', '26 de junio - 10:25', 'viernes, 26 de junio de 2015, Hora 10:25', '2015-06-26 15:25:11', '2015-06-26 15:25:11'),
(488, 2, 61, 1, '500', '26 de junio - 10:26', 'viernes, 26 de junio de 2015, Hora 10:26', '2015-06-26 15:26:53', '2015-06-26 15:26:53'),
(489, 2, 61, 1, '100', '26 de junio - 10:26', 'viernes, 26 de junio de 2015, Hora 10:26', '2015-06-26 15:26:59', '2015-06-26 15:26:59'),
(490, 2, 61, 1, '1000', '26 de junio - 10:27', 'viernes, 26 de junio de 2015, Hora 10:27', '2015-06-26 15:27:07', '2015-06-26 15:27:07'),
(491, 2, 61, 1, '200', '26 de junio - 10:27', 'viernes, 26 de junio de 2015, Hora 10:27', '2015-06-26 15:27:11', '2015-06-26 15:27:11'),
(492, 120, 2, 1, '200', '26 de junio - 11:01', 'viernes, 26 de junio de 2015, Hora 11:01', '2015-06-26 16:01:57', '2015-06-26 16:01:57'),
(493, 120, 2, 1, '100', '26 de junio - 11:02', 'viernes, 26 de junio de 2015, Hora 11:02', '2015-06-26 16:02:01', '2015-06-26 16:02:01'),
(494, 120, 2, 1, '500', '26 de junio - 11:02', 'viernes, 26 de junio de 2015, Hora 11:02', '2015-06-26 16:02:04', '2015-06-26 16:02:04'),
(495, 120, 2, 1, '1000', '26 de junio - 11:02', 'viernes, 26 de junio de 2015, Hora 11:02', '2015-06-26 16:02:07', '2015-06-26 16:02:07'),
(496, 120, 2, 1, '500', '26 de junio - 11:02', 'viernes, 26 de junio de 2015, Hora 11:02', '2015-06-26 16:02:11', '2015-06-26 16:02:11'),
(497, 120, 2, 1, '200', '26 de junio - 11:02', 'viernes, 26 de junio de 2015, Hora 11:02', '2015-06-26 16:02:14', '2015-06-26 16:02:14'),
(498, 120, 2, 1, '100', '26 de junio - 11:02', 'viernes, 26 de junio de 2015, Hora 11:02', '2015-06-26 16:02:17', '2015-06-26 16:02:17'),
(499, 121, 2, 1, '100', '26 de junio - 14:35', 'viernes, 26 de junio de 2015, Hora 14:35', '2015-06-26 19:35:26', '2015-06-26 19:35:26'),
(500, 121, 2, 1, '200', '26 de junio - 14:35', 'viernes, 26 de junio de 2015, Hora 14:35', '2015-06-26 19:35:29', '2015-06-26 19:35:29'),
(501, 121, 2, 1, '500', '26 de junio - 14:35', 'viernes, 26 de junio de 2015, Hora 14:35', '2015-06-26 19:35:30', '2015-06-26 19:35:30'),
(502, 121, 2, 1, '1000', '26 de junio - 14:35', 'viernes, 26 de junio de 2015, Hora 14:35', '2015-06-26 19:35:31', '2015-06-26 19:35:31'),
(503, 122, 2, 1, '200', '26 de junio - 16:13', 'viernes, 26 de junio de 2015, Hora 16:13', '2015-06-26 21:13:04', '2015-06-26 21:13:04'),
(504, 122, 2, 1, '100', '26 de junio - 16:13', 'viernes, 26 de junio de 2015, Hora 16:13', '2015-06-26 21:13:08', '2015-06-26 21:13:08'),
(505, 122, 2, 1, '1000', '26 de junio - 16:13', 'viernes, 26 de junio de 2015, Hora 16:13', '2015-06-26 21:13:12', '2015-06-26 21:13:12'),
(506, 122, 2, 1, '500', '26 de junio - 16:13', 'viernes, 26 de junio de 2015, Hora 16:13', '2015-06-26 21:13:12', '2015-06-26 21:13:12'),
(507, 123, 2, 1, '100', '26 de junio - 16:14', 'viernes, 26 de junio de 2015, Hora 16:14', '2015-06-26 21:14:16', '2015-06-26 21:14:16'),
(508, 123, 2, 1, '100', '26 de junio - 16:14', 'viernes, 26 de junio de 2015, Hora 16:14', '2015-06-26 21:14:17', '2015-06-26 21:14:17'),
(509, 123, 2, 1, '100', '26 de junio - 16:14', 'viernes, 26 de junio de 2015, Hora 16:14', '2015-06-26 21:14:18', '2015-06-26 21:14:18'),
(510, 123, 2, 1, '100', '26 de junio - 16:14', 'viernes, 26 de junio de 2015, Hora 16:14', '2015-06-26 21:14:20', '2015-06-26 21:14:20'),
(511, 123, 2, 1, '100', '26 de junio - 16:14', 'viernes, 26 de junio de 2015, Hora 16:14', '2015-06-26 21:14:21', '2015-06-26 21:14:21'),
(512, 123, 2, 1, '100', '26 de junio - 16:14', 'viernes, 26 de junio de 2015, Hora 16:14', '2015-06-26 21:14:23', '2015-06-26 21:14:23'),
(513, 123, 2, 1, '200', '26 de junio - 16:14', 'viernes, 26 de junio de 2015, Hora 16:14', '2015-06-26 21:14:24', '2015-06-26 21:14:24'),
(514, 123, 2, 1, '100', '26 de junio - 16:14', 'viernes, 26 de junio de 2015, Hora 16:14', '2015-06-26 21:14:27', '2015-06-26 21:14:27'),
(515, 123, 2, 1, '100', '26 de junio - 16:14', 'viernes, 26 de junio de 2015, Hora 16:14', '2015-06-26 21:14:27', '2015-06-26 21:14:27'),
(516, 123, 2, 1, '100', '26 de junio - 16:14', 'viernes, 26 de junio de 2015, Hora 16:14', '2015-06-26 21:14:30', '2015-06-26 21:14:30'),
(517, 123, 2, 1, '100', '26 de junio - 16:14', 'viernes, 26 de junio de 2015, Hora 16:14', '2015-06-26 21:14:33', '2015-06-26 21:14:33'),
(518, 123, 2, 1, '200', '26 de junio - 16:14', 'viernes, 26 de junio de 2015, Hora 16:14', '2015-06-26 21:14:34', '2015-06-26 21:14:34'),
(519, 123, 2, 1, '100', '26 de junio - 16:14', 'viernes, 26 de junio de 2015, Hora 16:14', '2015-06-26 21:14:36', '2015-06-26 21:14:36'),
(520, 123, 2, 1, '100', '26 de junio - 16:14', 'viernes, 26 de junio de 2015, Hora 16:14', '2015-06-26 21:14:36', '2015-06-26 21:14:36'),
(521, 123, 2, 1, '100', '26 de junio - 16:14', 'viernes, 26 de junio de 2015, Hora 16:14', '2015-06-26 21:14:38', '2015-06-26 21:14:38'),
(522, 123, 2, 1, '500', '26 de junio - 16:14', 'viernes, 26 de junio de 2015, Hora 16:14', '2015-06-26 21:14:41', '2015-06-26 21:14:41'),
(523, 123, 2, 1, '200', '26 de junio - 16:14', 'viernes, 26 de junio de 2015, Hora 16:14', '2015-06-26 21:14:42', '2015-06-26 21:14:42'),
(524, 123, 2, 1, '500', '26 de junio - 16:14', 'viernes, 26 de junio de 2015, Hora 16:14', '2015-06-26 21:14:44', '2015-06-26 21:14:44'),
(525, 123, 2, 1, '200', '26 de junio - 16:14', 'viernes, 26 de junio de 2015, Hora 16:14', '2015-06-26 21:14:45', '2015-06-26 21:14:45'),
(526, 123, 2, 1, '100', '26 de junio - 16:14', 'viernes, 26 de junio de 2015, Hora 16:14', '2015-06-26 21:14:47', '2015-06-26 21:14:47'),
(527, 123, 2, 1, '100', '26 de junio - 16:14', 'viernes, 26 de junio de 2015, Hora 16:14', '2015-06-26 21:14:48', '2015-06-26 21:14:48'),
(528, 123, 2, 1, '1000', '26 de junio - 16:14', 'viernes, 26 de junio de 2015, Hora 16:14', '2015-06-26 21:14:50', '2015-06-26 21:14:50'),
(529, 123, 2, 1, '100', '26 de junio - 16:14', 'viernes, 26 de junio de 2015, Hora 16:14', '2015-06-26 21:14:52', '2015-06-26 21:14:52'),
(530, 123, 2, 1, '200', '26 de junio - 16:14', 'viernes, 26 de junio de 2015, Hora 16:14', '2015-06-26 21:14:53', '2015-06-26 21:14:53'),
(531, 123, 2, 1, '100', '26 de junio - 16:14', 'viernes, 26 de junio de 2015, Hora 16:14', '2015-06-26 21:14:55', '2015-06-26 21:14:55'),
(532, 124, 2, 1, '200', '30 de junio - 17:35', 'martes, 30 de junio de 2015, Hora 17:35', '2015-06-30 22:35:02', '2015-06-30 22:35:02'),
(533, 124, 2, 1, '100', '30 de junio - 17:35', 'martes, 30 de junio de 2015, Hora 17:35', '2015-06-30 22:35:06', '2015-06-30 22:35:06'),
(534, 124, 2, 1, '200', '30 de junio - 17:35', 'martes, 30 de junio de 2015, Hora 17:35', '2015-06-30 22:35:10', '2015-06-30 22:35:10'),
(535, 124, 2, 1, '500', '30 de junio - 17:35', 'martes, 30 de junio de 2015, Hora 17:35', '2015-06-30 22:35:15', '2015-06-30 22:35:15'),
(536, 124, 2, 1, '1000', '30 de junio - 17:35', 'martes, 30 de junio de 2015, Hora 17:35', '2015-06-30 22:35:16', '2015-06-30 22:35:16'),
(537, 124, 2, 1, '200', '30 de junio - 17:35', 'martes, 30 de junio de 2015, Hora 17:35', '2015-06-30 22:35:22', '2015-06-30 22:35:22'),
(538, 124, 2, 1, '500', '30 de junio - 17:35', 'martes, 30 de junio de 2015, Hora 17:35', '2015-06-30 22:35:23', '2015-06-30 22:35:23'),
(539, 124, 2, 1, '100', '30 de junio - 17:35', 'martes, 30 de junio de 2015, Hora 17:35', '2015-06-30 22:35:24', '2015-06-30 22:35:24'),
(540, 125, 2, 1, '200', '01 de julio - 12:13', 'miércoles, 01 de julio de 2015, Hora 12:13', '2015-07-01 17:13:08', '2015-07-01 17:13:08'),
(541, 125, 2, 1, '100', '01 de julio - 12:13', 'miércoles, 01 de julio de 2015, Hora 12:13', '2015-07-01 17:13:18', '2015-07-01 17:13:18'),
(542, 125, 2, 1, '500', '01 de julio - 12:13', 'miércoles, 01 de julio de 2015, Hora 12:13', '2015-07-01 17:13:23', '2015-07-01 17:13:23'),
(543, 125, 2, 1, '200', '01 de julio - 12:13', 'miércoles, 01 de julio de 2015, Hora 12:13', '2015-07-01 17:13:31', '2015-07-01 17:13:31'),
(544, 126, 2, 1, '200', '01 de julio - 17:48', 'miércoles, 01 de julio de 2015, Hora 17:48', '2015-07-01 22:48:04', '2015-07-01 22:48:04'),
(545, 126, 2, 1, '100', '01 de julio - 17:48', 'miércoles, 01 de julio de 2015, Hora 17:48', '2015-07-01 22:48:07', '2015-07-01 22:48:07'),
(546, 126, 2, 1, '500', '01 de julio - 17:48', 'miércoles, 01 de julio de 2015, Hora 17:48', '2015-07-01 22:48:10', '2015-07-01 22:48:10'),
(547, 126, 2, 1, '1000', '01 de julio - 17:48', 'miércoles, 01 de julio de 2015, Hora 17:48', '2015-07-01 22:48:13', '2015-07-01 22:48:13'),
(548, 127, 2, 1, '200', '02 de julio - 16:51', 'jueves, 02 de julio de 2015, Hora 16:51', '2015-07-02 21:51:09', '2015-07-02 21:51:09'),
(549, 127, 2, 1, '500', '02 de julio - 16:51', 'jueves, 02 de julio de 2015, Hora 16:51', '2015-07-02 21:51:14', '2015-07-02 21:51:14'),
(550, 128, 2, 1, '200', '07 de julio - 13:26', 'martes, 07 de julio de 2015, Hora 13:26', '2015-07-07 18:26:43', '2015-07-07 18:26:43'),
(551, 128, 2, 1, '100', '07 de julio - 13:26', 'martes, 07 de julio de 2015, Hora 13:26', '2015-07-07 18:26:43', '2015-07-07 18:26:43'),
(552, 128, 2, 1, '500', '07 de julio - 13:26', 'martes, 07 de julio de 2015, Hora 13:26', '2015-07-07 18:26:45', '2015-07-07 18:26:45'),
(553, 129, 2, 1, '200', '09 de julio - 17:53', 'jueves, 09 de julio de 2015, Hora 17:53', '2015-07-09 22:53:21', '2015-07-09 22:53:21'),
(554, 129, 2, 1, '100', '09 de julio - 17:53', 'jueves, 09 de julio de 2015, Hora 17:53', '2015-07-09 22:53:26', '2015-07-09 22:53:26'),
(555, 130, 2, 1, '200', '09 de julio - 17:53', 'jueves, 09 de julio de 2015, Hora 17:53', '2015-07-09 22:53:56', '2015-07-09 22:53:56'),
(556, 131, 2, 1, '100', '09 de julio - 17:55', 'jueves, 09 de julio de 2015, Hora 17:55', '2015-07-09 22:55:59', '2015-07-09 22:55:59'),
(557, 131, 2, 1, '200', '09 de julio - 17:56', 'jueves, 09 de julio de 2015, Hora 17:56', '2015-07-09 22:56:02', '2015-07-09 22:56:02'),
(558, 131, 2, 1, '200', '09 de julio - 17:56', 'jueves, 09 de julio de 2015, Hora 17:56', '2015-07-09 22:56:05', '2015-07-09 22:56:05'),
(559, 132, 2, 1, '100', '13 de julio - 10:47', 'lunes, 13 de julio de 2015, Hora 10:47', '2015-07-13 15:47:31', '2015-07-13 15:47:31'),
(560, 132, 2, 1, '100', '13 de julio - 10:47', 'lunes, 13 de julio de 2015, Hora 10:47', '2015-07-13 15:47:35', '2015-07-13 15:47:35'),
(561, 132, 2, 1, '100', '13 de julio - 10:47', 'lunes, 13 de julio de 2015, Hora 10:47', '2015-07-13 15:47:35', '2015-07-13 15:47:35'),
(562, 132, 2, 1, '100', '13 de julio - 10:47', 'lunes, 13 de julio de 2015, Hora 10:47', '2015-07-13 15:47:36', '2015-07-13 15:47:36'),
(563, 133, 2, 1, '200', '13 de julio - 10:47', 'lunes, 13 de julio de 2015, Hora 10:47', '2015-07-13 15:47:50', '2015-07-13 15:47:50'),
(564, 133, 2, 1, '100', '13 de julio - 10:47', 'lunes, 13 de julio de 2015, Hora 10:47', '2015-07-13 15:47:51', '2015-07-13 15:47:51'),
(565, 134, 2, 1, '500', '13 de julio - 10:48', 'lunes, 13 de julio de 2015, Hora 10:48', '2015-07-13 15:48:11', '2015-07-13 15:48:11'),
(566, 134, 2, 1, '100', '13 de julio - 10:48', 'lunes, 13 de julio de 2015, Hora 10:48', '2015-07-13 15:48:11', '2015-07-13 15:48:11'),
(567, 134, 2, 1, '200', '13 de julio - 10:48', 'lunes, 13 de julio de 2015, Hora 10:48', '2015-07-13 15:48:12', '2015-07-13 15:48:12'),
(568, 135, 2, 1, '500', '14 de julio - 16:52', 'martes, 14 de julio de 2015, Hora 16:52', '2015-07-14 21:52:46', '2015-07-14 21:52:46'),
(569, 135, 2, 1, '100', '14 de julio - 16:52', 'martes, 14 de julio de 2015, Hora 16:52', '2015-07-14 21:52:52', '2015-07-14 21:52:52'),
(570, 135, 2, 1, '200', '14 de julio - 16:52', 'martes, 14 de julio de 2015, Hora 16:52', '2015-07-14 21:52:57', '2015-07-14 21:52:57'),
(571, 135, 2, 1, '500', '14 de julio - 16:53', 'martes, 14 de julio de 2015, Hora 16:53', '2015-07-14 21:53:04', '2015-07-14 21:53:04'),
(572, 136, 2, 1, '100', '14 de julio - 16:53', 'martes, 14 de julio de 2015, Hora 16:53', '2015-07-14 21:53:26', '2015-07-14 21:53:26'),
(573, 137, 2, 1, '200', '14 de julio - 16:55', 'martes, 14 de julio de 2015, Hora 16:55', '2015-07-14 21:55:40', '2015-07-14 21:55:40'),
(574, 137, 2, 1, '500', '14 de julio - 16:55', 'martes, 14 de julio de 2015, Hora 16:55', '2015-07-14 21:55:45', '2015-07-14 21:55:45'),
(575, 137, 2, 1, '100', '14 de julio - 16:55', 'martes, 14 de julio de 2015, Hora 16:55', '2015-07-14 21:55:50', '2015-07-14 21:55:50'),
(576, 137, 2, 1, '100', '14 de julio - 16:56', 'martes, 14 de julio de 2015, Hora 16:56', '2015-07-14 21:56:02', '2015-07-14 21:56:02'),
(577, 137, 2, 1, '100', '14 de julio - 16:56', 'martes, 14 de julio de 2015, Hora 16:56', '2015-07-14 21:56:09', '2015-07-14 21:56:09'),
(578, 137, 2, 1, '100', '14 de julio - 16:56', 'martes, 14 de julio de 2015, Hora 16:56', '2015-07-14 21:56:17', '2015-07-14 21:56:17'),
(579, 138, 2, 1, '100', '14 de julio - 17:06', 'martes, 14 de julio de 2015, Hora 17:06', '2015-07-14 22:06:57', '2015-07-14 22:06:57'),
(580, 138, 2, 1, '200', '14 de julio - 17:07', 'martes, 14 de julio de 2015, Hora 17:07', '2015-07-14 22:07:06', '2015-07-14 22:07:06'),
(581, 138, 2, 1, '100', '14 de julio - 17:07', 'martes, 14 de julio de 2015, Hora 17:07', '2015-07-14 22:07:14', '2015-07-14 22:07:14'),
(582, 138, 2, 1, '100', '14 de julio - 17:07', 'martes, 14 de julio de 2015, Hora 17:07', '2015-07-14 22:07:22', '2015-07-14 22:07:22'),
(583, 139, 2, 1, '100', '14 de julio - 17:47', 'martes, 14 de julio de 2015, Hora 17:47', '2015-07-14 22:47:34', '2015-07-14 22:47:34'),
(584, 139, 2, 1, '200', '14 de julio - 17:47', 'martes, 14 de julio de 2015, Hora 17:47', '2015-07-14 22:47:34', '2015-07-14 22:47:34'),
(585, 139, 2, 1, '100', '14 de julio - 17:47', 'martes, 14 de julio de 2015, Hora 17:47', '2015-07-14 22:47:35', '2015-07-14 22:47:35'),
(586, 139, 2, 1, '100', '14 de julio - 17:47', 'martes, 14 de julio de 2015, Hora 17:47', '2015-07-14 22:47:39', '2015-07-14 22:47:39'),
(587, 139, 2, 1, '200', '14 de julio - 17:47', 'martes, 14 de julio de 2015, Hora 17:47', '2015-07-14 22:47:40', '2015-07-14 22:47:40'),
(588, 139, 2, 1, '500', '14 de julio - 17:47', 'martes, 14 de julio de 2015, Hora 17:47', '2015-07-14 22:47:40', '2015-07-14 22:47:40'),
(589, 140, 2, 1, '100', '21 de julio - 11:45', 'martes, 21 de julio de 2015, Hora 11:45', '2015-07-21 16:45:43', '2015-07-21 16:45:43'),
(590, 140, 2, 1, '200', '21 de julio - 11:45', 'martes, 21 de julio de 2015, Hora 11:45', '2015-07-21 16:45:45', '2015-07-21 16:45:45'),
(591, 140, 2, 1, '500', '21 de julio - 11:45', 'martes, 21 de julio de 2015, Hora 11:45', '2015-07-21 16:45:49', '2015-07-21 16:45:49'),
(592, 141, 2, 1, '200', '21 de julio - 11:46', 'martes, 21 de julio de 2015, Hora 11:46', '2015-07-21 16:46:47', '2015-07-21 16:46:47'),
(593, 141, 2, 1, '100', '21 de julio - 11:46', 'martes, 21 de julio de 2015, Hora 11:46', '2015-07-21 16:46:48', '2015-07-21 16:46:48'),
(594, 141, 2, 1, '100', '21 de julio - 11:46', 'martes, 21 de julio de 2015, Hora 11:46', '2015-07-21 16:46:49', '2015-07-21 16:46:49'),
(595, 142, 2, 1, '200', '21 de julio - 11:47', 'martes, 21 de julio de 2015, Hora 11:47', '2015-07-21 16:47:08', '2015-07-21 16:47:08'),
(596, 142, 2, 1, '100', '21 de julio - 11:47', 'martes, 21 de julio de 2015, Hora 11:47', '2015-07-21 16:47:09', '2015-07-21 16:47:09'),
(597, 143, 2, 1, '500', '21 de julio - 11:47', 'martes, 21 de julio de 2015, Hora 11:47', '2015-07-21 16:47:30', '2015-07-21 16:47:30'),
(598, 143, 2, 1, '100', '21 de julio - 11:47', 'martes, 21 de julio de 2015, Hora 11:47', '2015-07-21 16:47:31', '2015-07-21 16:47:31'),
(599, 143, 2, 1, '200', '21 de julio - 11:47', 'martes, 21 de julio de 2015, Hora 11:47', '2015-07-21 16:47:33', '2015-07-21 16:47:33'),
(600, 144, 2, 1, '200', '21 de julio - 11:48', 'martes, 21 de julio de 2015, Hora 11:48', '2015-07-21 16:48:00', '2015-07-21 16:48:00'),
(601, 144, 2, 1, '100', '21 de julio - 11:48', 'martes, 21 de julio de 2015, Hora 11:48', '2015-07-21 16:48:01', '2015-07-21 16:48:01'),
(602, 144, 2, 1, '100', '21 de julio - 11:48', 'martes, 21 de julio de 2015, Hora 11:48', '2015-07-21 16:48:04', '2015-07-21 16:48:04'),
(603, 145, 2, 1, '200', '21 de julio - 11:51', 'martes, 21 de julio de 2015, Hora 11:51', '2015-07-21 16:51:31', '2015-07-21 16:51:31'),
(604, 145, 2, 1, '100', '21 de julio - 11:51', 'martes, 21 de julio de 2015, Hora 11:51', '2015-07-21 16:51:32', '2015-07-21 16:51:32'),
(605, 145, 2, 1, '100', '21 de julio - 11:51', 'martes, 21 de julio de 2015, Hora 11:51', '2015-07-21 16:51:33', '2015-07-21 16:51:33'),
(606, 145, 2, 1, '1000', '21 de julio - 11:51', 'martes, 21 de julio de 2015, Hora 11:51', '2015-07-21 16:51:35', '2015-07-21 16:51:35'),
(607, 146, 2, 1, '100', '21 de julio - 11:51', 'martes, 21 de julio de 2015, Hora 11:51', '2015-07-21 16:51:51', '2015-07-21 16:51:51'),
(608, 146, 2, 1, '100', '21 de julio - 11:51', 'martes, 21 de julio de 2015, Hora 11:51', '2015-07-21 16:51:52', '2015-07-21 16:51:52'),
(609, 146, 2, 1, '100', '21 de julio - 11:51', 'martes, 21 de julio de 2015, Hora 11:51', '2015-07-21 16:51:55', '2015-07-21 16:51:55'),
(610, 146, 2, 1, '100', '21 de julio - 11:51', 'martes, 21 de julio de 2015, Hora 11:51', '2015-07-21 16:51:56', '2015-07-21 16:51:56'),
(611, 147, 2, 1, '100', '21 de julio - 11:52', 'martes, 21 de julio de 2015, Hora 11:52', '2015-07-21 16:52:12', '2015-07-21 16:52:12'),
(612, 147, 2, 1, '100', '21 de julio - 11:52', 'martes, 21 de julio de 2015, Hora 11:52', '2015-07-21 16:52:13', '2015-07-21 16:52:13'),
(613, 147, 2, 1, '100', '21 de julio - 11:52', 'martes, 21 de julio de 2015, Hora 11:52', '2015-07-21 16:52:15', '2015-07-21 16:52:15'),
(614, 148, 2, 1, '100', '21 de julio - 11:52', 'martes, 21 de julio de 2015, Hora 11:52', '2015-07-21 16:52:32', '2015-07-21 16:52:32'),
(615, 148, 2, 1, '100', '21 de julio - 11:52', 'martes, 21 de julio de 2015, Hora 11:52', '2015-07-21 16:52:32', '2015-07-21 16:52:32'),
(616, 148, 2, 1, '100', '21 de julio - 11:52', 'martes, 21 de julio de 2015, Hora 11:52', '2015-07-21 16:52:34', '2015-07-21 16:52:34'),
(617, 149, 2, 1, '200', '21 de julio - 11:52', 'martes, 21 de julio de 2015, Hora 11:52', '2015-07-21 16:52:47', '2015-07-21 16:52:47'),
(618, 149, 2, 1, '200', '21 de julio - 11:52', 'martes, 21 de julio de 2015, Hora 11:52', '2015-07-21 16:52:48', '2015-07-21 16:52:48'),
(619, 149, 2, 1, '100', '21 de julio - 11:52', 'martes, 21 de julio de 2015, Hora 11:52', '2015-07-21 16:52:49', '2015-07-21 16:52:49'),
(620, 150, 2, 1, '500', '21 de julio - 11:53', 'martes, 21 de julio de 2015, Hora 11:53', '2015-07-21 16:53:05', '2015-07-21 16:53:05'),
(621, 150, 2, 1, '100', '21 de julio - 11:53', 'martes, 21 de julio de 2015, Hora 11:53', '2015-07-21 16:53:07', '2015-07-21 16:53:07'),
(622, 150, 2, 1, '100', '21 de julio - 11:53', 'martes, 21 de julio de 2015, Hora 11:53', '2015-07-21 16:53:07', '2015-07-21 16:53:07'),
(623, 151, 2, 1, '100', '21 de julio - 11:53', 'martes, 21 de julio de 2015, Hora 11:53', '2015-07-21 16:53:21', '2015-07-21 16:53:21'),
(624, 151, 2, 1, '200', '21 de julio - 11:53', 'martes, 21 de julio de 2015, Hora 11:53', '2015-07-21 16:53:23', '2015-07-21 16:53:23'),
(625, 151, 2, 1, '100', '21 de julio - 11:53', 'martes, 21 de julio de 2015, Hora 11:53', '2015-07-21 16:53:24', '2015-07-21 16:53:24'),
(626, 152, 2, 1, '100', '21 de julio - 12:33', 'martes, 21 de julio de 2015, Hora 12:33', '2015-07-21 17:33:10', '2015-07-21 17:33:10'),
(627, 152, 2, 1, '100', '21 de julio - 12:33', 'martes, 21 de julio de 2015, Hora 12:33', '2015-07-21 17:33:10', '2015-07-21 17:33:10'),
(628, 152, 2, 1, '100', '21 de julio - 12:33', 'martes, 21 de julio de 2015, Hora 12:33', '2015-07-21 17:33:13', '2015-07-21 17:33:13'),
(629, 152, 2, 1, '100', '21 de julio - 12:33', 'martes, 21 de julio de 2015, Hora 12:33', '2015-07-21 17:33:14', '2015-07-21 17:33:14'),
(630, 152, 2, 1, '200', '21 de julio - 12:33', 'martes, 21 de julio de 2015, Hora 12:33', '2015-07-21 17:33:14', '2015-07-21 17:33:14'),
(631, 152, 2, 1, '100', '21 de julio - 12:33', 'martes, 21 de julio de 2015, Hora 12:33', '2015-07-21 17:33:15', '2015-07-21 17:33:15'),
(632, 153, 2, 1, '100', '21 de julio - 12:33', 'martes, 21 de julio de 2015, Hora 12:33', '2015-07-21 17:33:29', '2015-07-21 17:33:29'),
(633, 153, 2, 1, '100', '21 de julio - 12:33', 'martes, 21 de julio de 2015, Hora 12:33', '2015-07-21 17:33:31', '2015-07-21 17:33:31'),
(634, 153, 2, 1, '200', '21 de julio - 12:33', 'martes, 21 de julio de 2015, Hora 12:33', '2015-07-21 17:33:31', '2015-07-21 17:33:31'),
(635, 153, 2, 1, '100', '21 de julio - 12:33', 'martes, 21 de julio de 2015, Hora 12:33', '2015-07-21 17:33:32', '2015-07-21 17:33:32'),
(636, 154, 2, 1, '100', '21 de julio - 12:33', 'martes, 21 de julio de 2015, Hora 12:33', '2015-07-21 17:33:47', '2015-07-21 17:33:47'),
(637, 154, 2, 1, '100', '21 de julio - 12:33', 'martes, 21 de julio de 2015, Hora 12:33', '2015-07-21 17:33:48', '2015-07-21 17:33:48'),
(638, 154, 2, 1, '100', '21 de julio - 12:33', 'martes, 21 de julio de 2015, Hora 12:33', '2015-07-21 17:33:49', '2015-07-21 17:33:49'),
(639, 155, 2, 1, '1000', '21 de julio - 12:34', 'martes, 21 de julio de 2015, Hora 12:34', '2015-07-21 17:34:05', '2015-07-21 17:34:05'),
(640, 155, 2, 1, '100', '21 de julio - 12:34', 'martes, 21 de julio de 2015, Hora 12:34', '2015-07-21 17:34:06', '2015-07-21 17:34:06'),
(641, 155, 2, 1, '200', '21 de julio - 12:34', 'martes, 21 de julio de 2015, Hora 12:34', '2015-07-21 17:34:08', '2015-07-21 17:34:08'),
(642, 155, 2, 1, '100', '21 de julio - 12:34', 'martes, 21 de julio de 2015, Hora 12:34', '2015-07-21 17:34:08', '2015-07-21 17:34:08'),
(643, 156, 2, 1, '200', '21 de julio - 12:34', 'martes, 21 de julio de 2015, Hora 12:34', '2015-07-21 17:34:22', '2015-07-21 17:34:22'),
(644, 156, 2, 1, '100', '21 de julio - 12:34', 'martes, 21 de julio de 2015, Hora 12:34', '2015-07-21 17:34:24', '2015-07-21 17:34:24'),
(645, 156, 2, 1, '100', '21 de julio - 12:34', 'martes, 21 de julio de 2015, Hora 12:34', '2015-07-21 17:34:25', '2015-07-21 17:34:25'),
(646, 157, 2, 1, '500', '21 de julio - 12:34', 'martes, 21 de julio de 2015, Hora 12:34', '2015-07-21 17:34:40', '2015-07-21 17:34:40'),
(647, 157, 2, 1, '100', '21 de julio - 12:34', 'martes, 21 de julio de 2015, Hora 12:34', '2015-07-21 17:34:41', '2015-07-21 17:34:41'),
(648, 157, 2, 1, '100', '21 de julio - 12:34', 'martes, 21 de julio de 2015, Hora 12:34', '2015-07-21 17:34:42', '2015-07-21 17:34:42'),
(649, 158, 2, 1, '100', '21 de julio - 12:37', 'martes, 21 de julio de 2015, Hora 12:37', '2015-07-21 17:37:48', '2015-07-21 17:37:48'),
(650, 158, 2, 1, '100', '21 de julio - 12:37', 'martes, 21 de julio de 2015, Hora 12:37', '2015-07-21 17:37:49', '2015-07-21 17:37:49'),
(651, 159, 2, 1, '100', '21 de julio - 12:38', 'martes, 21 de julio de 2015, Hora 12:38', '2015-07-21 17:38:02', '2015-07-21 17:38:02'),
(652, 159, 2, 1, '100', '21 de julio - 12:38', 'martes, 21 de julio de 2015, Hora 12:38', '2015-07-21 17:38:03', '2015-07-21 17:38:03'),
(653, 159, 2, 1, '500', '21 de julio - 12:38', 'martes, 21 de julio de 2015, Hora 12:38', '2015-07-21 17:38:04', '2015-07-21 17:38:04'),
(654, 160, 2, 1, '100', '21 de julio - 12:38', 'martes, 21 de julio de 2015, Hora 12:38', '2015-07-21 17:38:18', '2015-07-21 17:38:18'),
(655, 160, 2, 1, '100', '21 de julio - 12:38', 'martes, 21 de julio de 2015, Hora 12:38', '2015-07-21 17:38:19', '2015-07-21 17:38:19'),
(656, 160, 2, 1, '100', '21 de julio - 12:38', 'martes, 21 de julio de 2015, Hora 12:38', '2015-07-21 17:38:20', '2015-07-21 17:38:20'),
(657, 161, 2, 1, '200', '21 de julio - 12:38', 'martes, 21 de julio de 2015, Hora 12:38', '2015-07-21 17:38:35', '2015-07-21 17:38:35'),
(658, 161, 2, 1, '100', '21 de julio - 12:38', 'martes, 21 de julio de 2015, Hora 12:38', '2015-07-21 17:38:36', '2015-07-21 17:38:36'),
(659, 161, 2, 1, '200', '21 de julio - 12:38', 'martes, 21 de julio de 2015, Hora 12:38', '2015-07-21 17:38:37', '2015-07-21 17:38:37'),
(660, 162, 2, 1, '1000', '21 de julio - 12:38', 'martes, 21 de julio de 2015, Hora 12:38', '2015-07-21 17:38:51', '2015-07-21 17:38:51'),
(661, 162, 2, 1, '100', '21 de julio - 12:38', 'martes, 21 de julio de 2015, Hora 12:38', '2015-07-21 17:38:52', '2015-07-21 17:38:52'),
(662, 162, 2, 1, '100', '21 de julio - 12:38', 'martes, 21 de julio de 2015, Hora 12:38', '2015-07-21 17:38:53', '2015-07-21 17:38:53'),
(663, 163, 2, 1, '100', '21 de julio - 12:39', 'martes, 21 de julio de 2015, Hora 12:39', '2015-07-21 17:39:13', '2015-07-21 17:39:13'),
(664, 163, 2, 1, '100', '21 de julio - 12:39', 'martes, 21 de julio de 2015, Hora 12:39', '2015-07-21 17:39:14', '2015-07-21 17:39:14'),
(665, 163, 2, 1, '100', '21 de julio - 12:39', 'martes, 21 de julio de 2015, Hora 12:39', '2015-07-21 17:39:15', '2015-07-21 17:39:15'),
(666, 164, 2, 1, '200', '21 de julio - 12:39', 'martes, 21 de julio de 2015, Hora 12:39', '2015-07-21 17:39:29', '2015-07-21 17:39:29'),
(667, 164, 2, 1, '100', '21 de julio - 12:39', 'martes, 21 de julio de 2015, Hora 12:39', '2015-07-21 17:39:30', '2015-07-21 17:39:30'),
(668, 165, 2, 1, '100', '21 de julio - 12:39', 'martes, 21 de julio de 2015, Hora 12:39', '2015-07-21 17:39:46', '2015-07-21 17:39:46'),
(669, 165, 2, 1, '200', '21 de julio - 12:39', 'martes, 21 de julio de 2015, Hora 12:39', '2015-07-21 17:39:47', '2015-07-21 17:39:47'),
(670, 166, 2, 1, '100', '21 de julio - 12:40', 'martes, 21 de julio de 2015, Hora 12:40', '2015-07-21 17:40:03', '2015-07-21 17:40:03'),
(671, 166, 2, 1, '100', '21 de julio - 12:40', 'martes, 21 de julio de 2015, Hora 12:40', '2015-07-21 17:40:04', '2015-07-21 17:40:04'),
(672, 167, 2, 1, '1000', '21 de julio - 15:02', 'martes, 21 de julio de 2015, Hora 15:02', '2015-07-21 20:02:41', '2015-07-21 20:02:41'),
(673, 167, 2, 1, '100', '21 de julio - 15:02', 'martes, 21 de julio de 2015, Hora 15:02', '2015-07-21 20:02:52', '2015-07-21 20:02:52'),
(674, 167, 2, 1, '200', '21 de julio - 15:03', 'martes, 21 de julio de 2015, Hora 15:03', '2015-07-21 20:03:04', '2015-07-21 20:03:04'),
(675, 168, 2, 1, '1000', '21 de julio - 15:10', 'martes, 21 de julio de 2015, Hora 15:10', '2015-07-21 20:10:05', '2015-07-21 20:10:05'),
(676, 169, 2, 1, '1000', '21 de julio - 15:15', 'martes, 21 de julio de 2015, Hora 15:15', '2015-07-21 20:15:43', '2015-07-21 20:15:43'),
(677, 170, 2, 1, '1000', '21 de julio - 15:17', 'martes, 21 de julio de 2015, Hora 15:17', '2015-07-21 20:17:09', '2015-07-21 20:17:09'),
(678, 171, 2, 1, '1000', '21 de julio - 15:18', 'martes, 21 de julio de 2015, Hora 15:18', '2015-07-21 20:18:45', '2015-07-21 20:18:45'),
(679, 172, 2, 1, '1000', '21 de julio - 15:21', 'martes, 21 de julio de 2015, Hora 15:21', '2015-07-21 20:21:41', '2015-07-21 20:21:41'),
(680, 173, 2, 1, '1000', '21 de julio - 15:36', 'martes, 21 de julio de 2015, Hora 15:36', '2015-07-21 20:36:04', '2015-07-21 20:36:04'),
(681, 174, 2, 1, '1000', '21 de julio - 15:46', 'martes, 21 de julio de 2015, Hora 15:46', '2015-07-21 20:46:16', '2015-07-21 20:46:16');

-- --------------------------------------------------------

--
-- Estructura de tabla para la tabla `alcancias`
--

CREATE TABLE IF NOT EXISTS `alcancias` (
`id` int(10) unsigned NOT NULL,
  `referencia` varchar(255) COLLATE utf8_unicode_ci NOT NULL,
  `nombre` varchar(255) COLLATE utf8_unicode_ci NOT NULL,
  `ubicacion` varchar(255) COLLATE utf8_unicode_ci NOT NULL,
  `email` varchar(100) COLLATE utf8_unicode_ci NOT NULL,
  `password` varchar(64) COLLATE utf8_unicode_ci NOT NULL,
  `remember_token` varchar(100) COLLATE utf8_unicode_ci NOT NULL,
  `created_at` timestamp NOT NULL DEFAULT '0000-00-00 00:00:00',
  `updated_at` timestamp NOT NULL DEFAULT '0000-00-00 00:00:00'
) ENGINE=InnoDB AUTO_INCREMENT=3 DEFAULT CHARSET=utf8 COLLATE=utf8_unicode_ci;

--
-- Volcado de datos para la tabla `alcancias`
--

INSERT INTO `alcancias` (`id`, `referencia`, `nombre`, `ubicacion`, `email`, `password`, `remember_token`, `created_at`, `updated_at`) VALUES
(1, '123abc', 'Piggy 1.0', 'Trigger', 'Piggy@algo.es', '$2y$10$ZfMVsi8B.AwL1xjnNTgCK.X5IOu9XvNtC4Mp5c2817ua4iOO49Q56', 'rowU0F2C6RM5rXn6vpIbCnYtu8Ro09VHVSOnX9vqjANyjXfKDQEgTg0kzxwm', '2015-06-04 22:21:13', '2015-06-04 22:24:55'),
(2, '123abc', 'Piggy G ', 'Zona G', 'zonag@algo.es', '$2y$10$ZfMVsi8B.AwL1xjnNTgCK.X5IOu9XvNtC4Mp5c2817ua4iOO49Q56', 'rowU0F2C6RM5rXn6vpIbCnYtu8Ro09VHVSOnX9vqjANyjXfKDQEgTg0kzxwm', '2015-06-04 22:21:13', '2015-06-04 22:24:55');

-- --------------------------------------------------------

--
-- Estructura de tabla para la tabla `groups`
--

CREATE TABLE IF NOT EXISTS `groups` (
`id` int(10) unsigned NOT NULL,
  `name` varchar(255) COLLATE utf8_unicode_ci NOT NULL,
  `permissions` text COLLATE utf8_unicode_ci,
  `created_at` timestamp NOT NULL DEFAULT '0000-00-00 00:00:00',
  `updated_at` timestamp NOT NULL DEFAULT '0000-00-00 00:00:00'
) ENGINE=InnoDB AUTO_INCREMENT=2 DEFAULT CHARSET=utf8 COLLATE=utf8_unicode_ci;

--
-- Volcado de datos para la tabla `groups`
--

INSERT INTO `groups` (`id`, `name`, `permissions`, `created_at`, `updated_at`) VALUES
(1, 'Users', '{"admin":1,"users":1}', '2015-06-04 22:29:56', '2015-06-04 22:29:56');

-- --------------------------------------------------------

--
-- Estructura de tabla para la tabla `migrations`
--

CREATE TABLE IF NOT EXISTS `migrations` (
  `migration` varchar(255) COLLATE utf8_unicode_ci NOT NULL,
  `batch` int(11) NOT NULL
) ENGINE=InnoDB DEFAULT CHARSET=utf8 COLLATE=utf8_unicode_ci;

--
-- Volcado de datos para la tabla `migrations`
--

INSERT INTO `migrations` (`migration`, `batch`) VALUES
('2015_06_02_221346_create_users_table', 1),
('2015_06_04_171109_create_table_alcancias', 2),
('2012_12_06_225921_migration_cartalyst_sentry_install_users', 3),
('2012_12_06_225929_migration_cartalyst_sentry_install_groups', 3),
('2012_12_06_225945_migration_cartalyst_sentry_install_users_groups_pivot', 3),
('2012_12_06_225988_migration_cartalyst_sentry_install_throttle', 3),
('2015_06_04_175312_create_table_ahorro', 4),
('2015_06_09_142556_create_portafolios_table', 5),
('2015_06_22_100105_create_tokens_table', 6),
('2015_06_22_104807_add_api_token_users_table', 7),
('2015_06_25_165851_crate_table_estado_puerta', 8),
('2015_07_01_121240_create_rentabilidad_table', 9),
('2015_07_14_153215_create_porcentaje_general_table', 10),
('2015_07_14_153325_create_users_porcentaje_table', 11);

-- --------------------------------------------------------

--
-- Estructura de tabla para la tabla `porcentaje_general`
--

CREATE TABLE IF NOT EXISTS `porcentaje_general` (
`id` int(10) unsigned NOT NULL,
  `valor` float NOT NULL,
  `created_at` timestamp NOT NULL DEFAULT '0000-00-00 00:00:00',
  `updated_at` timestamp NOT NULL DEFAULT '0000-00-00 00:00:00'
) ENGINE=InnoDB AUTO_INCREMENT=2 DEFAULT CHARSET=utf8 COLLATE=utf8_unicode_ci;

--
-- Volcado de datos para la tabla `porcentaje_general`
--

INSERT INTO `porcentaje_general` (`id`, `valor`, `created_at`, `updated_at`) VALUES
(1, 0.05, '2015-07-14 05:00:00', '0000-00-00 00:00:00');

-- --------------------------------------------------------

--
-- Estructura de tabla para la tabla `portafolios`
--

CREATE TABLE IF NOT EXISTS `portafolios` (
`id` int(10) unsigned NOT NULL,
  `nombre` varchar(255) COLLATE utf8_unicode_ci NOT NULL,
  `descripcion` text COLLATE utf8_unicode_ci NOT NULL,
  `created_at` timestamp NOT NULL DEFAULT '0000-00-00 00:00:00',
  `updated_at` timestamp NOT NULL DEFAULT '0000-00-00 00:00:00'
) ENGINE=InnoDB AUTO_INCREMENT=5 DEFAULT CHARSET=utf8 COLLATE=utf8_unicode_ci;

--
-- Volcado de datos para la tabla `portafolios`
--

INSERT INTO `portafolios` (`id`, `nombre`, `descripcion`, `created_at`, `updated_at`) VALUES
(1, 'Sin Riesgo', 'Lorem Ipsum es simplemente el texto de relleno de las imprentas y archivos de texto. Lorem Ipsum ha sido el texto de relleno estándar de las industrias desde el año 1500, cuando un impresor (N. del T. persona que se dedica a la imprenta) desconocido usó una galería de textos y los mezcló de tal manera que logró hacer un libro de textos especimen.', '0000-00-00 00:00:00', '0000-00-00 00:00:00'),
(2, 'Conservador', 'Lorem Ipsum es simplemente el texto de relleno de las imprentas y archivos de texto. Lorem Ipsum ha sido el texto de relleno estándar de las industrias desde el año 1500, cuando un impresor (N. del T. persona que se dedica a la imprenta) desconocido usó una galería de textos y los mezcló de tal manera que logró hacer un libro de textos especimen.', '0000-00-00 00:00:00', '0000-00-00 00:00:00'),
(3, 'Moderado', 'Lorem Ipsum es simplemente el texto de relleno de las imprentas y archivos de texto. Lorem Ipsum ha sido el texto de relleno estándar de las industrias desde el año 1500, cuando un impresor (N. del T. persona que se dedica a la imprenta) desconocido usó una galería de textos y los mezcló de tal manera que logró hacer un libro de textos especimen.', '0000-00-00 00:00:00', '0000-00-00 00:00:00'),
(4, 'Agresivo', 'Lorem Ipsum es simplemente el texto de relleno de las imprentas y archivos de texto. Lorem Ipsum ha sido el texto de relleno estándar de las industrias desde el año 1500, cuando un impresor (N. del T. persona que se dedica a la imprenta) desconocido usó una galería de textos y los mezcló de tal manera que logró hacer un libro de textos especimen.', '0000-00-00 00:00:00', '0000-00-00 00:00:00');

-- --------------------------------------------------------

--
-- Estructura de tabla para la tabla `rentabilidad`
--

CREATE TABLE IF NOT EXISTS `rentabilidad` (
`id` int(10) unsigned NOT NULL,
  `portafolio_id` int(11) NOT NULL,
  `renta` float NOT NULL,
  `fecha` date NOT NULL,
  `created_at` timestamp NOT NULL DEFAULT '0000-00-00 00:00:00',
  `updated_at` timestamp NOT NULL DEFAULT '0000-00-00 00:00:00'
) ENGINE=InnoDB AUTO_INCREMENT=397 DEFAULT CHARSET=utf8 COLLATE=utf8_unicode_ci;

--
-- Volcado de datos para la tabla `rentabilidad`
--

INSERT INTO `rentabilidad` (`id`, `portafolio_id`, `renta`, `fecha`, `created_at`, `updated_at`) VALUES
(1, 1, 0.209, '2015-02-24', '2015-07-09 17:28:56', '2015-07-09 17:28:56'),
(2, 2, 0.9946, '2015-02-24', '2015-07-09 17:28:56', '2015-07-09 17:28:56'),
(3, 3, 1.7976, '2015-02-24', '2015-07-09 17:28:56', '2015-07-09 17:28:56'),
(4, 4, -0.6768, '2015-02-24', '2015-07-09 17:28:56', '2015-07-09 17:28:56'),
(5, 1, 0.0441, '2015-02-25', '2015-07-09 17:28:56', '2015-07-09 17:28:56'),
(6, 2, 1.39, '2015-02-25', '2015-07-09 17:28:56', '2015-07-09 17:28:56'),
(7, 3, 0.5197, '2015-02-25', '2015-07-09 17:28:56', '2015-07-09 17:28:56'),
(8, 4, -0.0523, '2015-02-25', '2015-07-09 17:28:57', '2015-07-09 17:28:57'),
(9, 1, 0.5168, '2015-02-26', '2015-07-09 17:28:57', '2015-07-09 17:28:57'),
(10, 2, 1.1128, '2015-02-26', '2015-07-09 17:28:57', '2015-07-09 17:28:57'),
(11, 3, 1.8072, '2015-02-26', '2015-07-09 17:28:57', '2015-07-09 17:28:57'),
(12, 4, 2.5359, '2015-02-26', '2015-07-09 17:28:57', '2015-07-09 17:28:57'),
(13, 1, 0.4375, '2015-02-27', '2015-07-09 17:28:57', '2015-07-09 17:28:57'),
(14, 2, 0.1768, '2015-02-27', '2015-07-09 17:28:57', '2015-07-09 17:28:57'),
(15, 3, 0.9233, '2015-02-27', '2015-07-09 17:28:57', '2015-07-09 17:28:57'),
(16, 4, 0.1178, '2015-02-27', '2015-07-09 17:28:57', '2015-07-09 17:28:57'),
(17, 1, 0.3279, '2015-03-02', '2015-07-09 17:28:57', '2015-07-09 17:28:57'),
(18, 2, 1.3359, '2015-03-02', '2015-07-09 17:28:57', '2015-07-09 17:28:57'),
(19, 3, 1.5014, '2015-03-02', '2015-07-09 17:28:57', '2015-07-09 17:28:57'),
(20, 4, -0.8345, '2015-03-02', '2015-07-09 17:28:57', '2015-07-09 17:28:57'),
(21, 1, 0.5073, '2015-03-03', '2015-07-09 17:28:57', '2015-07-09 17:28:57'),
(22, 2, 0.571, '2015-03-03', '2015-07-09 17:28:57', '2015-07-09 17:28:57'),
(23, 3, 1.4005, '2015-03-03', '2015-07-09 17:28:57', '2015-07-09 17:28:57'),
(24, 4, 2.9946, '2015-03-03', '2015-07-09 17:28:57', '2015-07-09 17:28:57'),
(25, 1, 0.6262, '2015-03-04', '2015-07-09 17:28:57', '2015-07-09 17:28:57'),
(26, 2, 0.7989, '2015-03-04', '2015-07-09 17:28:57', '2015-07-09 17:28:57'),
(27, 3, 0.679, '2015-03-04', '2015-07-09 17:28:57', '2015-07-09 17:28:57'),
(28, 4, -1.0297, '2015-03-04', '2015-07-09 17:28:57', '2015-07-09 17:28:57'),
(29, 1, 0.9658, '2015-03-05', '2015-07-09 17:28:57', '2015-07-09 17:28:57'),
(30, 2, 0.0973, '2015-03-05', '2015-07-09 17:28:57', '2015-07-09 17:28:57'),
(31, 3, 1.783, '2015-03-05', '2015-07-09 17:28:57', '2015-07-09 17:28:57'),
(32, 4, 2.2474, '2015-03-05', '2015-07-09 17:28:57', '2015-07-09 17:28:57'),
(33, 1, 0.6701, '2015-03-06', '2015-07-09 17:28:57', '2015-07-09 17:28:57'),
(34, 2, 1.2673, '2015-03-06', '2015-07-09 17:28:57', '2015-07-09 17:28:57'),
(35, 3, 0.6111, '2015-03-06', '2015-07-09 17:28:57', '2015-07-09 17:28:57'),
(36, 4, 2.356, '2015-03-06', '2015-07-09 17:28:58', '2015-07-09 17:28:58'),
(37, 1, 0.227, '2015-03-09', '2015-07-09 17:28:58', '2015-07-09 17:28:58'),
(38, 2, 0.552, '2015-03-09', '2015-07-09 17:28:58', '2015-07-09 17:28:58'),
(39, 3, 0.6967, '2015-03-09', '2015-07-09 17:28:58', '2015-07-09 17:28:58'),
(40, 4, 2.2188, '2015-03-09', '2015-07-09 17:28:58', '2015-07-09 17:28:58'),
(41, 1, 0.0825, '2015-03-10', '2015-07-09 17:28:58', '2015-07-09 17:28:58'),
(42, 2, 1.0704, '2015-03-10', '2015-07-09 17:28:58', '2015-07-09 17:28:58'),
(43, 3, 1.4639, '2015-03-10', '2015-07-09 17:28:58', '2015-07-09 17:28:58'),
(44, 4, 0.2137, '2015-03-10', '2015-07-09 17:28:58', '2015-07-09 17:28:58'),
(45, 1, 0.3437, '2015-03-11', '2015-07-09 17:28:58', '2015-07-09 17:28:58'),
(46, 2, 0.9809, '2015-03-11', '2015-07-09 17:28:58', '2015-07-09 17:28:58'),
(47, 3, 0.8353, '2015-03-11', '2015-07-09 17:28:58', '2015-07-09 17:28:58'),
(48, 4, 0.3511, '2015-03-11', '2015-07-09 17:28:58', '2015-07-09 17:28:58'),
(49, 1, 0.8979, '2015-03-12', '2015-07-09 17:28:58', '2015-07-09 17:28:58'),
(50, 2, 1.294, '2015-03-12', '2015-07-09 17:28:58', '2015-07-09 17:28:58'),
(51, 3, 2.0647, '2015-03-12', '2015-07-09 17:28:58', '2015-07-09 17:28:58'),
(52, 4, 0.0173, '2015-03-12', '2015-07-09 17:28:58', '2015-07-09 17:28:58'),
(53, 1, 0.1788, '2015-03-13', '2015-07-09 17:28:58', '2015-07-09 17:28:58'),
(54, 2, 0.2189, '2015-03-13', '2015-07-09 17:28:58', '2015-07-09 17:28:58'),
(55, 3, 0.9368, '2015-03-13', '2015-07-09 17:28:58', '2015-07-09 17:28:58'),
(56, 4, 1.236, '2015-03-13', '2015-07-09 17:28:58', '2015-07-09 17:28:58'),
(57, 1, 0.642, '2015-03-16', '2015-07-09 17:28:58', '2015-07-09 17:28:58'),
(58, 2, 1.3825, '2015-03-16', '2015-07-09 17:28:58', '2015-07-09 17:28:58'),
(59, 3, 0.3697, '2015-03-16', '2015-07-09 17:28:58', '2015-07-09 17:28:58'),
(60, 4, 1.6264, '2015-03-16', '2015-07-09 17:28:58', '2015-07-09 17:28:58'),
(61, 1, 0.8762, '2015-03-17', '2015-07-09 17:28:58', '2015-07-09 17:28:58'),
(62, 2, 0.9045, '2015-03-17', '2015-07-09 17:28:59', '2015-07-09 17:28:59'),
(63, 3, 0.7743, '2015-03-17', '2015-07-09 17:28:59', '2015-07-09 17:28:59'),
(64, 4, -0.3675, '2015-03-17', '2015-07-09 17:28:59', '2015-07-09 17:28:59'),
(65, 1, 0.3694, '2015-03-18', '2015-07-09 17:28:59', '2015-07-09 17:28:59'),
(66, 2, 0.4436, '2015-03-18', '2015-07-09 17:28:59', '2015-07-09 17:28:59'),
(67, 3, 0.15, '2015-03-18', '2015-07-09 17:28:59', '2015-07-09 17:28:59'),
(68, 4, 3.1532, '2015-03-18', '2015-07-09 17:28:59', '2015-07-09 17:28:59'),
(69, 1, 0.9602, '2015-03-19', '2015-07-09 17:28:59', '2015-07-09 17:28:59'),
(70, 2, 0.9384, '2015-03-19', '2015-07-09 17:28:59', '2015-07-09 17:28:59'),
(71, 3, 0.1132, '2015-03-19', '2015-07-09 17:28:59', '2015-07-09 17:28:59'),
(72, 4, 0.5405, '2015-03-19', '2015-07-09 17:28:59', '2015-07-09 17:28:59'),
(73, 1, 0.6617, '2015-03-20', '2015-07-09 17:28:59', '2015-07-09 17:28:59'),
(74, 2, 0.8477, '2015-03-20', '2015-07-09 17:28:59', '2015-07-09 17:28:59'),
(75, 3, 1.0764, '2015-03-20', '2015-07-09 17:28:59', '2015-07-09 17:28:59'),
(76, 4, 1.7412, '2015-03-20', '2015-07-09 17:28:59', '2015-07-09 17:28:59'),
(77, 1, 0.7589, '2015-03-24', '2015-07-09 17:28:59', '2015-07-09 17:28:59'),
(78, 2, 0.2899, '2015-03-24', '2015-07-09 17:28:59', '2015-07-09 17:28:59'),
(79, 3, 0.8309, '2015-03-24', '2015-07-09 17:28:59', '2015-07-09 17:28:59'),
(80, 4, 0.4312, '2015-03-24', '2015-07-09 17:28:59', '2015-07-09 17:28:59'),
(81, 1, 0.7203, '2015-03-25', '2015-07-09 17:28:59', '2015-07-09 17:28:59'),
(82, 2, 1.1231, '2015-03-25', '2015-07-09 17:28:59', '2015-07-09 17:28:59'),
(83, 3, 1.9769, '2015-03-25', '2015-07-09 17:28:59', '2015-07-09 17:28:59'),
(84, 4, 1.4358, '2015-03-25', '2015-07-09 17:28:59', '2015-07-09 17:28:59'),
(85, 1, 0.2569, '2015-03-26', '2015-07-09 17:28:59', '2015-07-09 17:28:59'),
(86, 2, 0.9128, '2015-03-26', '2015-07-09 17:28:59', '2015-07-09 17:28:59'),
(87, 3, 1.7777, '2015-03-26', '2015-07-09 17:28:59', '2015-07-09 17:28:59'),
(88, 4, 0.2261, '2015-03-26', '2015-07-09 17:28:59', '2015-07-09 17:28:59'),
(89, 1, 0.6736, '2015-03-27', '2015-07-09 17:28:59', '2015-07-09 17:28:59'),
(90, 2, 1.2788, '2015-03-27', '2015-07-09 17:29:00', '2015-07-09 17:29:00'),
(91, 3, 1.6406, '2015-03-27', '2015-07-09 17:29:00', '2015-07-09 17:29:00'),
(92, 4, -0.6953, '2015-03-27', '2015-07-09 17:29:00', '2015-07-09 17:29:00'),
(93, 1, 0.8474, '2015-03-30', '2015-07-09 17:29:00', '2015-07-09 17:29:00'),
(94, 2, 0.7565, '2015-03-30', '2015-07-09 17:29:00', '2015-07-09 17:29:00'),
(95, 3, 1.0708, '2015-03-30', '2015-07-09 17:29:00', '2015-07-09 17:29:00'),
(96, 4, 1.6613, '2015-03-30', '2015-07-09 17:29:00', '2015-07-09 17:29:00'),
(97, 1, 0.4725, '2015-03-31', '2015-07-09 17:29:00', '2015-07-09 17:29:00'),
(98, 2, 0.0891, '2015-03-31', '2015-07-09 17:29:00', '2015-07-09 17:29:00'),
(99, 3, 0.9307, '2015-03-31', '2015-07-09 17:29:00', '2015-07-09 17:29:00'),
(100, 4, 1.8414, '2015-03-31', '2015-07-09 17:29:00', '2015-07-09 17:29:00'),
(101, 1, 0.0792, '2015-04-01', '2015-07-09 17:29:00', '2015-07-09 17:29:00'),
(102, 2, 1.1999, '2015-04-01', '2015-07-09 17:29:00', '2015-07-09 17:29:00'),
(103, 3, 0.5663, '2015-04-01', '2015-07-09 17:29:00', '2015-07-09 17:29:00'),
(104, 4, 1.0357, '2015-04-01', '2015-07-09 17:29:00', '2015-07-09 17:29:00'),
(105, 1, 0.8163, '2015-04-06', '2015-07-09 17:29:00', '2015-07-09 17:29:00'),
(106, 2, 0.8264, '2015-04-06', '2015-07-09 17:29:00', '2015-07-09 17:29:00'),
(107, 3, 1.6163, '2015-04-06', '2015-07-09 17:29:00', '2015-07-09 17:29:00'),
(108, 4, -0.2764, '2015-04-06', '2015-07-09 17:29:00', '2015-07-09 17:29:00'),
(109, 1, 0.523, '2015-04-07', '2015-07-09 17:29:00', '2015-07-09 17:29:00'),
(110, 2, 0.5417, '2015-04-07', '2015-07-09 17:29:00', '2015-07-09 17:29:00'),
(111, 3, 1.1163, '2015-04-07', '2015-07-09 17:29:00', '2015-07-09 17:29:00'),
(112, 4, -1.1338, '2015-04-07', '2015-07-09 17:29:00', '2015-07-09 17:29:00'),
(113, 1, 0.1855, '2015-04-08', '2015-07-09 17:29:00', '2015-07-09 17:29:00'),
(114, 2, 0.3534, '2015-04-08', '2015-07-09 17:29:00', '2015-07-09 17:29:00'),
(115, 3, 2.1092, '2015-04-08', '2015-07-09 17:29:00', '2015-07-09 17:29:00'),
(116, 4, 0.0699, '2015-04-08', '2015-07-09 17:29:00', '2015-07-09 17:29:00'),
(117, 1, 0.2816, '2015-04-09', '2015-07-09 17:29:00', '2015-07-09 17:29:00'),
(118, 2, 1.2139, '2015-04-09', '2015-07-09 17:29:00', '2015-07-09 17:29:00'),
(119, 3, 1.2296, '2015-04-09', '2015-07-09 17:29:00', '2015-07-09 17:29:00'),
(120, 4, 2.564, '2015-04-09', '2015-07-09 17:29:01', '2015-07-09 17:29:01'),
(121, 1, 0.8053, '2015-04-10', '2015-07-09 17:29:01', '2015-07-09 17:29:01'),
(122, 2, 0.048, '2015-04-10', '2015-07-09 17:29:01', '2015-07-09 17:29:01'),
(123, 3, 1.1557, '2015-04-10', '2015-07-09 17:29:01', '2015-07-09 17:29:01'),
(124, 4, -1.1007, '2015-04-10', '2015-07-09 17:29:01', '2015-07-09 17:29:01'),
(125, 1, 0.6859, '2015-04-13', '2015-07-09 17:29:01', '2015-07-09 17:29:01'),
(126, 2, 0.6809, '2015-04-13', '2015-07-09 17:29:01', '2015-07-09 17:29:01'),
(127, 3, 1.2106, '2015-04-13', '2015-07-09 17:29:01', '2015-07-09 17:29:01'),
(128, 4, 1.4926, '2015-04-13', '2015-07-09 17:29:01', '2015-07-09 17:29:01'),
(129, 1, 0.0335, '2015-04-14', '2015-07-09 17:29:01', '2015-07-09 17:29:01'),
(130, 2, 0.4059, '2015-04-14', '2015-07-09 17:29:01', '2015-07-09 17:29:01'),
(131, 3, 0.6281, '2015-04-14', '2015-07-09 17:29:01', '2015-07-09 17:29:01'),
(132, 4, 2.7199, '2015-04-14', '2015-07-09 17:29:01', '2015-07-09 17:29:01'),
(133, 1, 0.6004, '2015-04-15', '2015-07-09 17:29:01', '2015-07-09 17:29:01'),
(134, 2, 0.0517, '2015-04-15', '2015-07-09 17:29:01', '2015-07-09 17:29:01'),
(135, 3, 0.5728, '2015-04-15', '2015-07-09 17:29:01', '2015-07-09 17:29:01'),
(136, 4, 1.3624, '2015-04-15', '2015-07-09 17:29:01', '2015-07-09 17:29:01'),
(137, 1, 0.6819, '2015-04-16', '2015-07-09 17:29:01', '2015-07-09 17:29:01'),
(138, 2, 0.5246, '2015-04-16', '2015-07-09 17:29:01', '2015-07-09 17:29:01'),
(139, 3, 1.0438, '2015-04-16', '2015-07-09 17:29:01', '2015-07-09 17:29:01'),
(140, 4, 2.3693, '2015-04-16', '2015-07-09 17:29:01', '2015-07-09 17:29:01'),
(141, 1, 0.6545, '2015-04-17', '2015-07-09 17:29:01', '2015-07-09 17:29:01'),
(142, 2, 1.0931, '2015-04-17', '2015-07-09 17:29:01', '2015-07-09 17:29:01'),
(143, 3, 2.1156, '2015-04-17', '2015-07-09 17:29:01', '2015-07-09 17:29:01'),
(144, 4, -0.1552, '2015-04-17', '2015-07-09 17:29:01', '2015-07-09 17:29:01'),
(145, 1, 0.0508, '2015-04-20', '2015-07-09 17:29:01', '2015-07-09 17:29:01'),
(146, 2, 0.738, '2015-04-20', '2015-07-09 17:29:01', '2015-07-09 17:29:01'),
(147, 3, 1.6556, '2015-04-20', '2015-07-09 17:29:01', '2015-07-09 17:29:01'),
(148, 4, -0.1962, '2015-04-20', '2015-07-09 17:29:02', '2015-07-09 17:29:02'),
(149, 1, 0.3427, '2015-04-21', '2015-07-09 17:29:02', '2015-07-09 17:29:02'),
(150, 2, 0.0947, '2015-04-21', '2015-07-09 17:29:02', '2015-07-09 17:29:02'),
(151, 3, 2.0085, '2015-04-21', '2015-07-09 17:29:02', '2015-07-09 17:29:02'),
(152, 4, 1.1407, '2015-04-21', '2015-07-09 17:29:02', '2015-07-09 17:29:02'),
(153, 1, 0.6611, '2015-04-22', '2015-07-09 17:29:02', '2015-07-09 17:29:02'),
(154, 2, 0.1348, '2015-04-22', '2015-07-09 17:29:02', '2015-07-09 17:29:02'),
(155, 3, 1.1806, '2015-04-22', '2015-07-09 17:29:02', '2015-07-09 17:29:02'),
(156, 4, 2.6949, '2015-04-22', '2015-07-09 17:29:02', '2015-07-09 17:29:02'),
(157, 1, 0.8347, '2015-04-23', '2015-07-09 17:29:02', '2015-07-09 17:29:02'),
(158, 2, 0.0616, '2015-04-23', '2015-07-09 17:29:02', '2015-07-09 17:29:02'),
(159, 3, 0.4502, '2015-04-23', '2015-07-09 17:29:02', '2015-07-09 17:29:02'),
(160, 4, 2.2198, '2015-04-23', '2015-07-09 17:29:02', '2015-07-09 17:29:02'),
(161, 1, 0.965, '2015-04-24', '2015-07-09 17:29:02', '2015-07-09 17:29:02'),
(162, 2, 0.9779, '2015-04-24', '2015-07-09 17:29:02', '2015-07-09 17:29:02'),
(163, 3, 0.3274, '2015-04-24', '2015-07-09 17:29:02', '2015-07-09 17:29:02'),
(164, 4, 1.6606, '2015-04-24', '2015-07-09 17:29:02', '2015-07-09 17:29:02'),
(165, 1, 0.6891, '2015-04-27', '2015-07-09 17:29:02', '2015-07-09 17:29:02'),
(166, 2, 1.3816, '2015-04-27', '2015-07-09 17:29:02', '2015-07-09 17:29:02'),
(167, 3, 1.2895, '2015-04-27', '2015-07-09 17:29:02', '2015-07-09 17:29:02'),
(168, 4, -0.7338, '2015-04-27', '2015-07-09 17:29:02', '2015-07-09 17:29:02'),
(169, 1, 0.8192, '2015-04-28', '2015-07-09 17:29:02', '2015-07-09 17:29:02'),
(170, 2, 0.4891, '2015-04-28', '2015-07-09 17:29:02', '2015-07-09 17:29:02'),
(171, 3, 0.4095, '2015-04-28', '2015-07-09 17:29:03', '2015-07-09 17:29:03'),
(172, 4, 0.2768, '2015-04-28', '2015-07-09 17:29:03', '2015-07-09 17:29:03'),
(173, 1, 0.7718, '2015-04-29', '2015-07-09 17:29:03', '2015-07-09 17:29:03'),
(174, 2, 1.2861, '2015-04-29', '2015-07-09 17:29:03', '2015-07-09 17:29:03'),
(175, 3, 0.563, '2015-04-29', '2015-07-09 17:29:03', '2015-07-09 17:29:03'),
(176, 4, 0.2576, '2015-04-29', '2015-07-09 17:29:03', '2015-07-09 17:29:03'),
(177, 1, 0.9298, '2015-04-30', '2015-07-09 17:29:03', '2015-07-09 17:29:03'),
(178, 2, 0.2801, '2015-04-30', '2015-07-09 17:29:03', '2015-07-09 17:29:03'),
(179, 3, 0.7775, '2015-04-30', '2015-07-09 17:29:03', '2015-07-09 17:29:03'),
(180, 4, 0.8752, '2015-04-30', '2015-07-09 17:29:03', '2015-07-09 17:29:03'),
(181, 1, 0.0288, '2015-05-04', '2015-07-09 17:29:03', '2015-07-09 17:29:03'),
(182, 2, 0.5475, '2015-05-04', '2015-07-09 17:29:03', '2015-07-09 17:29:03'),
(183, 3, 0.3471, '2015-05-04', '2015-07-09 17:29:03', '2015-07-09 17:29:03'),
(184, 4, -0.5689, '2015-05-04', '2015-07-09 17:29:03', '2015-07-09 17:29:03'),
(185, 1, 0.9114, '2015-05-05', '2015-07-09 17:29:03', '2015-07-09 17:29:03'),
(186, 2, 1.2046, '2015-05-05', '2015-07-09 17:29:03', '2015-07-09 17:29:03'),
(187, 3, 0.9372, '2015-05-05', '2015-07-09 17:29:03', '2015-07-09 17:29:03'),
(188, 4, 2.4503, '2015-05-05', '2015-07-09 17:29:03', '2015-07-09 17:29:03'),
(189, 1, 0.5601, '2015-05-06', '2015-07-09 17:29:03', '2015-07-09 17:29:03'),
(190, 2, 0.1498, '2015-05-06', '2015-07-09 17:29:03', '2015-07-09 17:29:03'),
(191, 3, 2.0002, '2015-05-06', '2015-07-09 17:29:03', '2015-07-09 17:29:03'),
(192, 4, -0.0224, '2015-05-06', '2015-07-09 17:29:03', '2015-07-09 17:29:03'),
(193, 1, 0.5029, '2015-05-07', '2015-07-09 17:29:03', '2015-07-09 17:29:03'),
(194, 2, 1.0355, '2015-05-07', '2015-07-09 17:29:03', '2015-07-09 17:29:03'),
(195, 3, 1.5178, '2015-05-07', '2015-07-09 17:29:03', '2015-07-09 17:29:03'),
(196, 4, 0.6209, '2015-05-07', '2015-07-09 17:29:04', '2015-07-09 17:29:04'),
(197, 1, 0.6091, '2015-05-08', '2015-07-09 17:29:04', '2015-07-09 17:29:04'),
(198, 2, 0.9961, '2015-05-08', '2015-07-09 17:29:04', '2015-07-09 17:29:04'),
(199, 3, 1.66, '2015-05-08', '2015-07-09 17:29:04', '2015-07-09 17:29:04'),
(200, 4, 0.5327, '2015-05-08', '2015-07-09 17:29:04', '2015-07-09 17:29:04'),
(201, 1, 0.2167, '2015-05-11', '2015-07-09 17:29:04', '2015-07-09 17:29:04'),
(202, 2, 0.5323, '2015-05-11', '2015-07-09 17:29:04', '2015-07-09 17:29:04'),
(203, 3, 0.5963, '2015-05-11', '2015-07-09 17:29:04', '2015-07-09 17:29:04'),
(204, 4, 0.978, '2015-05-11', '2015-07-09 17:29:04', '2015-07-09 17:29:04'),
(205, 1, 0.0599, '2015-05-12', '2015-07-09 17:29:04', '2015-07-09 17:29:04'),
(206, 2, 0.4562, '2015-05-12', '2015-07-09 17:29:04', '2015-07-09 17:29:04'),
(207, 3, 0.9328, '2015-05-12', '2015-07-09 17:29:04', '2015-07-09 17:29:04'),
(208, 4, 2.8783, '2015-05-12', '2015-07-09 17:29:04', '2015-07-09 17:29:04'),
(209, 1, 0.4889, '2015-05-13', '2015-07-09 17:29:04', '2015-07-09 17:29:04'),
(210, 2, 0.232, '2015-05-13', '2015-07-09 17:29:04', '2015-07-09 17:29:04'),
(211, 3, 1.7688, '2015-05-13', '2015-07-09 17:29:04', '2015-07-09 17:29:04'),
(212, 4, 2.9389, '2015-05-13', '2015-07-09 17:29:04', '2015-07-09 17:29:04'),
(213, 1, 0.5737, '2015-05-14', '2015-07-09 17:29:04', '2015-07-09 17:29:04'),
(214, 2, 0.9335, '2015-05-14', '2015-07-09 17:29:04', '2015-07-09 17:29:04'),
(215, 3, 1.9894, '2015-05-14', '2015-07-09 17:29:04', '2015-07-09 17:29:04'),
(216, 4, -0.9663, '2015-05-14', '2015-07-09 17:29:04', '2015-07-09 17:29:04'),
(217, 1, 0.3421, '2015-05-15', '2015-07-09 17:29:04', '2015-07-09 17:29:04'),
(218, 2, 1.129, '2015-05-15', '2015-07-09 17:29:04', '2015-07-09 17:29:04'),
(219, 3, 0.6626, '2015-05-15', '2015-07-09 17:29:04', '2015-07-09 17:29:04'),
(220, 4, 1.1044, '2015-05-15', '2015-07-09 17:29:04', '2015-07-09 17:29:04'),
(221, 1, 0.5215, '2015-05-19', '2015-07-09 17:29:05', '2015-07-09 17:29:05'),
(222, 2, 0.3896, '2015-05-19', '2015-07-09 17:29:05', '2015-07-09 17:29:05'),
(223, 3, 0.6412, '2015-05-19', '2015-07-09 17:29:05', '2015-07-09 17:29:05'),
(224, 4, 1.2753, '2015-05-19', '2015-07-09 17:29:05', '2015-07-09 17:29:05'),
(225, 1, 0.6922, '2015-05-20', '2015-07-09 17:29:05', '2015-07-09 17:29:05'),
(226, 2, 1.1718, '2015-05-20', '2015-07-09 17:29:05', '2015-07-09 17:29:05'),
(227, 3, 1.2465, '2015-05-20', '2015-07-09 17:29:05', '2015-07-09 17:29:05'),
(228, 4, -0.5405, '2015-05-20', '2015-07-09 17:29:05', '2015-07-09 17:29:05'),
(229, 1, 0.8806, '2015-05-21', '2015-07-09 17:29:05', '2015-07-09 17:29:05'),
(230, 2, 0.2748, '2015-05-21', '2015-07-09 17:29:05', '2015-07-09 17:29:05'),
(231, 3, 1.9972, '2015-05-21', '2015-07-09 17:29:05', '2015-07-09 17:29:05'),
(232, 4, -0.5345, '2015-05-21', '2015-07-09 17:29:05', '2015-07-09 17:29:05'),
(233, 1, 0.241, '2015-05-22', '2015-07-09 17:29:05', '2015-07-09 17:29:05'),
(234, 2, 0.8552, '2015-05-22', '2015-07-09 17:29:05', '2015-07-09 17:29:05'),
(235, 3, 1.169, '2015-05-22', '2015-07-09 17:29:05', '2015-07-09 17:29:05'),
(236, 4, 0.6034, '2015-05-22', '2015-07-09 17:29:05', '2015-07-09 17:29:05'),
(237, 1, 0.1155, '2015-05-25', '2015-07-09 17:29:05', '2015-07-09 17:29:05'),
(238, 2, 0.2024, '2015-05-25', '2015-07-09 17:29:05', '2015-07-09 17:29:05'),
(239, 3, 1.6768, '2015-05-25', '2015-07-09 17:29:05', '2015-07-09 17:29:05'),
(240, 4, 3.0587, '2015-05-25', '2015-07-09 17:29:05', '2015-07-09 17:29:05'),
(241, 1, 0.6968, '2015-05-26', '2015-07-09 17:29:05', '2015-07-09 17:29:05'),
(242, 2, 0.8096, '2015-05-26', '2015-07-09 17:29:05', '2015-07-09 17:29:05'),
(243, 3, 1.0167, '2015-05-26', '2015-07-09 17:29:05', '2015-07-09 17:29:05'),
(244, 4, 0.8379, '2015-05-26', '2015-07-09 17:29:06', '2015-07-09 17:29:06'),
(245, 1, 0.8246, '2015-05-27', '2015-07-09 17:29:06', '2015-07-09 17:29:06'),
(246, 2, 1.3051, '2015-05-27', '2015-07-09 17:29:06', '2015-07-09 17:29:06'),
(247, 3, 0.696, '2015-05-27', '2015-07-09 17:29:06', '2015-07-09 17:29:06'),
(248, 4, 1.1621, '2015-05-27', '2015-07-09 17:29:06', '2015-07-09 17:29:06'),
(249, 1, 0.9771, '2015-05-28', '2015-07-09 17:29:06', '2015-07-09 17:29:06'),
(250, 2, 1.0174, '2015-05-28', '2015-07-09 17:29:06', '2015-07-09 17:29:06'),
(251, 3, 1.627, '2015-05-28', '2015-07-09 17:29:06', '2015-07-09 17:29:06'),
(252, 4, 1.0265, '2015-05-28', '2015-07-09 17:29:06', '2015-07-09 17:29:06'),
(253, 1, 0.9339, '2015-05-29', '2015-07-09 17:29:06', '2015-07-09 17:29:06'),
(254, 2, 1.2446, '2015-05-29', '2015-07-09 17:29:06', '2015-07-09 17:29:06'),
(255, 3, 0.3964, '2015-05-29', '2015-07-09 17:29:06', '2015-07-09 17:29:06'),
(256, 4, 3.0506, '2015-05-29', '2015-07-09 17:29:06', '2015-07-09 17:29:06'),
(257, 1, 0.3524, '2015-06-01', '2015-07-09 17:29:06', '2015-07-09 17:29:06'),
(258, 2, 0.8671, '2015-06-01', '2015-07-09 17:29:06', '2015-07-09 17:29:06'),
(259, 3, 0.0171, '2015-06-01', '2015-07-09 17:29:06', '2015-07-09 17:29:06'),
(260, 4, 0.4216, '2015-06-01', '2015-07-09 17:29:06', '2015-07-09 17:29:06'),
(261, 1, 0.5399, '2015-06-02', '2015-07-09 17:29:06', '2015-07-09 17:29:06'),
(262, 2, 0.6007, '2015-06-02', '2015-07-09 17:29:06', '2015-07-09 17:29:06'),
(263, 3, 1.9616, '2015-06-02', '2015-07-09 17:29:06', '2015-07-09 17:29:06'),
(264, 4, -0.2602, '2015-06-02', '2015-07-09 17:29:07', '2015-07-09 17:29:07'),
(265, 1, 0.4929, '2015-06-03', '2015-07-09 17:29:07', '2015-07-09 17:29:07'),
(266, 2, 0.7653, '2015-06-03', '2015-07-09 17:29:07', '2015-07-09 17:29:07'),
(267, 3, 0.3829, '2015-06-03', '2015-07-09 17:29:07', '2015-07-09 17:29:07'),
(268, 4, 2.7556, '2015-06-03', '2015-07-09 17:29:07', '2015-07-09 17:29:07'),
(269, 1, 0.8389, '2015-06-04', '2015-07-09 17:29:07', '2015-07-09 17:29:07'),
(270, 2, 0.6015, '2015-06-04', '2015-07-09 17:29:07', '2015-07-09 17:29:07'),
(271, 3, 0.8696, '2015-06-04', '2015-07-09 17:29:07', '2015-07-09 17:29:07'),
(272, 4, 0.2217, '2015-06-04', '2015-07-09 17:29:07', '2015-07-09 17:29:07'),
(273, 1, 0.0628, '2015-06-05', '2015-07-09 17:29:07', '2015-07-09 17:29:07'),
(274, 2, 1.3146, '2015-06-05', '2015-07-09 17:29:07', '2015-07-09 17:29:07'),
(275, 3, 1.6041, '2015-06-05', '2015-07-09 17:29:07', '2015-07-09 17:29:07'),
(276, 4, 2.6894, '2015-06-05', '2015-07-09 17:29:07', '2015-07-09 17:29:07'),
(277, 1, 0.6838, '2015-06-09', '2015-07-09 17:29:07', '2015-07-09 17:29:07'),
(278, 2, 0.9151, '2015-06-09', '2015-07-09 17:29:07', '2015-07-09 17:29:07'),
(279, 3, 0.9772, '2015-06-09', '2015-07-09 17:29:07', '2015-07-09 17:29:07'),
(280, 4, 0.1537, '2015-06-09', '2015-07-09 17:29:07', '2015-07-09 17:29:07'),
(281, 1, 0.2442, '2015-06-10', '2015-07-09 17:29:07', '2015-07-09 17:29:07'),
(282, 2, 0.3306, '2015-06-10', '2015-07-09 17:29:07', '2015-07-09 17:29:07'),
(283, 3, 0.7179, '2015-06-10', '2015-07-09 17:29:07', '2015-07-09 17:29:07'),
(284, 4, 0.5168, '2015-06-10', '2015-07-09 17:29:07', '2015-07-09 17:29:07'),
(285, 1, 0.4587, '2015-06-11', '2015-07-09 17:29:07', '2015-07-09 17:29:07'),
(286, 2, 0.0143, '2015-06-11', '2015-07-09 17:29:07', '2015-07-09 17:29:07'),
(287, 3, 1.351, '2015-06-11', '2015-07-09 17:29:08', '2015-07-09 17:29:08'),
(288, 4, 1.1026, '2015-06-11', '2015-07-09 17:29:08', '2015-07-09 17:29:08'),
(289, 1, 0.2651, '2015-06-12', '2015-07-09 17:29:08', '2015-07-09 17:29:08'),
(290, 2, 1.1655, '2015-06-12', '2015-07-09 17:29:08', '2015-07-09 17:29:08'),
(291, 3, 1.6444, '2015-06-12', '2015-07-09 17:29:08', '2015-07-09 17:29:08'),
(292, 4, 1.0558, '2015-06-12', '2015-07-09 17:29:08', '2015-07-09 17:29:08'),
(293, 1, 0.1571, '2015-06-16', '2015-07-09 17:29:08', '2015-07-09 17:29:08'),
(294, 2, 1, '2015-06-16', '2015-07-09 17:29:08', '2015-07-09 17:29:08'),
(295, 3, 0.7208, '2015-06-16', '2015-07-09 17:29:08', '2015-07-09 17:29:08'),
(296, 4, 2.5477, '2015-06-16', '2015-07-09 17:29:08', '2015-07-09 17:29:08'),
(297, 1, 0.5876, '2015-06-17', '2015-07-09 17:29:08', '2015-07-09 17:29:08'),
(298, 2, 0.9092, '2015-06-17', '2015-07-09 17:29:08', '2015-07-09 17:29:08'),
(299, 3, 0.3605, '2015-06-17', '2015-07-09 17:29:08', '2015-07-09 17:29:08'),
(300, 4, 0.6261, '2015-06-17', '2015-07-09 17:29:08', '2015-07-09 17:29:08'),
(301, 1, 0.7267, '2015-06-18', '2015-07-09 17:29:08', '2015-07-09 17:29:08'),
(302, 2, 0.6938, '2015-06-18', '2015-07-09 17:29:08', '2015-07-09 17:29:08'),
(303, 3, 1.2381, '2015-06-18', '2015-07-09 17:29:08', '2015-07-09 17:29:08'),
(304, 4, -0.6157, '2015-06-18', '2015-07-09 17:29:08', '2015-07-09 17:29:08'),
(305, 1, 0.9045, '2015-06-19', '2015-07-09 17:29:08', '2015-07-09 17:29:08'),
(306, 2, 1.392, '2015-06-19', '2015-07-09 17:29:08', '2015-07-09 17:29:08'),
(307, 3, 0.8112, '2015-06-19', '2015-07-09 17:29:08', '2015-07-09 17:29:08'),
(308, 4, -0.0467, '2015-06-19', '2015-07-09 17:29:08', '2015-07-09 17:29:08'),
(309, 1, 0.3879, '2015-06-22', '2015-07-09 17:29:08', '2015-07-09 17:29:08'),
(310, 2, 1.3515, '2015-06-22', '2015-07-09 17:29:08', '2015-07-09 17:29:08'),
(311, 3, 0.4135, '2015-06-22', '2015-07-09 17:29:08', '2015-07-09 17:29:08'),
(312, 4, 1.1621, '2015-06-22', '2015-07-09 17:29:08', '2015-07-09 17:29:08'),
(313, 1, 0.1329, '2015-06-23', '2015-07-09 17:29:08', '2015-07-09 17:29:08'),
(314, 2, 0.0344, '2015-06-23', '2015-07-09 17:29:09', '2015-07-09 17:29:09'),
(315, 3, 1.6652, '2015-06-23', '2015-07-09 17:29:09', '2015-07-09 17:29:09'),
(316, 4, 1.0635, '2015-06-23', '2015-07-09 17:29:09', '2015-07-09 17:29:09'),
(317, 1, 0.5629, '2015-06-24', '2015-07-09 17:29:09', '2015-07-09 17:29:09'),
(318, 2, 0.7864, '2015-06-24', '2015-07-09 17:29:09', '2015-07-09 17:29:09'),
(319, 3, 1.1281, '2015-06-24', '2015-07-09 17:29:09', '2015-07-09 17:29:09'),
(320, 4, 0.1678, '2015-06-24', '2015-07-09 17:29:09', '2015-07-09 17:29:09'),
(321, 1, 0.8492, '2015-06-25', '2015-07-09 17:29:09', '2015-07-09 17:29:09'),
(322, 2, 0.2048, '2015-06-25', '2015-07-09 17:29:09', '2015-07-09 17:29:09'),
(323, 3, 1.4977, '2015-06-25', '2015-07-09 17:29:09', '2015-07-09 17:29:09'),
(324, 4, -0.8254, '2015-06-25', '2015-07-09 17:29:09', '2015-07-09 17:29:09'),
(325, 1, 0.6496, '2015-06-26', '2015-07-09 17:29:09', '2015-07-09 17:29:09'),
(326, 2, 1.1642, '2015-06-26', '2015-07-09 17:29:09', '2015-07-09 17:29:09'),
(327, 3, 0.7368, '2015-06-26', '2015-07-09 17:29:09', '2015-07-09 17:29:09'),
(328, 4, 2.6728, '2015-06-26', '2015-07-09 17:29:09', '2015-07-09 17:29:09'),
(329, 1, 0.9611, '2015-06-30', '2015-07-09 17:29:09', '2015-07-09 17:29:09'),
(330, 2, 0.8848, '2015-06-30', '2015-07-09 17:29:09', '2015-07-09 17:29:09'),
(331, 3, 1.4824, '2015-06-30', '2015-07-09 17:29:09', '2015-07-09 17:29:09'),
(332, 4, 1.3307, '2015-06-30', '2015-07-09 17:29:09', '2015-07-09 17:29:09'),
(333, 1, 0.7214, '2015-07-01', '2015-07-09 17:29:09', '2015-07-09 17:29:09'),
(334, 2, 0.2873, '2015-07-01', '2015-07-09 17:29:09', '2015-07-09 17:29:09'),
(335, 3, 0.9305, '2015-07-01', '2015-07-09 17:29:09', '2015-07-09 17:29:09'),
(336, 4, 0.0308, '2015-07-01', '2015-07-09 17:29:09', '2015-07-09 17:29:09'),
(337, 1, 0.7566, '2015-07-02', '2015-07-09 17:29:09', '2015-07-09 17:29:09'),
(338, 2, 0.7481, '2015-07-02', '2015-07-09 17:29:09', '2015-07-09 17:29:09'),
(339, 3, 1.1081, '2015-07-02', '2015-07-09 17:29:09', '2015-07-09 17:29:09'),
(340, 4, 1.1574, '2015-07-02', '2015-07-09 17:29:09', '2015-07-09 17:29:09'),
(341, 1, 0.8014, '2015-07-03', '2015-07-09 17:29:09', '2015-07-09 17:29:09'),
(342, 2, 0.586, '2015-07-03', '2015-07-09 17:29:10', '2015-07-09 17:29:10'),
(343, 3, 1.5264, '2015-07-03', '2015-07-09 17:29:10', '2015-07-09 17:29:10'),
(344, 4, 0.5147, '2015-07-03', '2015-07-09 17:29:10', '2015-07-09 17:29:10'),
(345, 1, 0.3721, '2015-07-06', '2015-07-09 17:29:10', '2015-07-09 17:29:10'),
(346, 2, 0.7054, '2015-07-06', '2015-07-09 17:29:10', '2015-07-09 17:29:10'),
(347, 3, 0.9881, '2015-07-06', '2015-07-09 17:29:10', '2015-07-09 17:29:10'),
(348, 4, 0.6607, '2015-07-06', '2015-07-09 17:29:10', '2015-07-09 17:29:10'),
(349, 1, 0.7608, '2015-07-07', '2015-07-09 17:29:10', '2015-07-09 17:29:10'),
(350, 2, 1.0498, '2015-07-07', '2015-07-09 17:29:10', '2015-07-09 17:29:10'),
(351, 3, 2.0906, '2015-07-07', '2015-07-09 17:29:10', '2015-07-09 17:29:10'),
(352, 4, -0.4012, '2015-07-07', '2015-07-09 17:29:10', '2015-07-09 17:29:10'),
(353, 1, 0.4047, '2015-07-08', '2015-07-09 17:29:10', '2015-07-09 17:29:10'),
(354, 2, 0.5586, '2015-07-08', '2015-07-09 17:29:10', '2015-07-09 17:29:10'),
(355, 3, 0.5074, '2015-07-08', '2015-07-09 17:29:10', '2015-07-09 17:29:10'),
(356, 4, -0.244, '2015-07-08', '2015-07-09 17:29:10', '2015-07-09 17:29:10'),
(357, 1, 0.3054, '2015-07-09', '2015-07-09 17:29:10', '2015-07-09 17:29:10'),
(358, 2, 0.7028, '2015-07-09', '2015-07-09 17:29:10', '2015-07-09 17:29:10'),
(359, 3, 0.1369, '2015-07-09', '2015-07-09 17:29:10', '2015-07-09 17:29:10'),
(360, 4, 1.5716, '2015-07-09', '2015-07-09 17:29:10', '2015-07-09 17:29:10'),
(361, 1, 0.3654, '2015-07-10', '2015-07-14 15:43:15', '2015-07-14 15:43:15'),
(362, 2, 0.6028, '2015-07-10', '2015-07-14 15:43:15', '2015-07-14 15:43:15'),
(363, 3, 0.2369, '2015-07-10', '2015-07-14 15:43:15', '2015-07-14 15:43:15'),
(364, 4, 1.6716, '2015-07-10', '2015-07-14 15:43:15', '2015-07-14 15:43:15'),
(377, 1, 0.3654, '2015-07-13', '2015-07-14 17:43:28', '2015-07-14 17:43:28'),
(378, 2, 0.2369, '2015-07-13', '2015-07-14 17:43:28', '2015-07-14 17:43:28'),
(379, 3, 0.8369, '2015-07-13', '2015-07-14 17:43:28', '2015-07-14 17:43:28'),
(380, 4, 1.4721, '2015-07-13', '2015-07-14 17:43:28', '2015-07-14 17:43:28'),
(393, 1, 0.4654, '2015-07-14', '2015-07-14 17:59:45', '2015-07-14 17:59:45'),
(394, 2, 0.5369, '2015-07-14', '2015-07-14 17:59:45', '2015-07-14 17:59:45'),
(395, 3, 0.9369, '2015-07-14', '2015-07-14 17:59:45', '2015-07-14 17:59:45'),
(396, 4, 1.2721, '2015-07-14', '2015-07-14 17:59:45', '2015-07-14 17:59:45');

-- --------------------------------------------------------

--
-- Estructura de tabla para la tabla `throttle`
--

CREATE TABLE IF NOT EXISTS `throttle` (
`id` int(10) unsigned NOT NULL,
  `user_id` int(10) unsigned DEFAULT NULL,
  `ip_address` varchar(255) COLLATE utf8_unicode_ci DEFAULT NULL,
  `attempts` int(11) NOT NULL DEFAULT '0',
  `suspended` tinyint(1) NOT NULL DEFAULT '0',
  `banned` tinyint(1) NOT NULL DEFAULT '0',
  `last_attempt_at` timestamp NULL DEFAULT NULL,
  `suspended_at` timestamp NULL DEFAULT NULL,
  `banned_at` timestamp NULL DEFAULT NULL
) ENGINE=InnoDB AUTO_INCREMENT=32 DEFAULT CHARSET=utf8 COLLATE=utf8_unicode_ci;

--
-- Volcado de datos para la tabla `throttle`
--

INSERT INTO `throttle` (`id`, `user_id`, `ip_address`, `attempts`, `suspended`, `banned`, `last_attempt_at`, `suspended_at`, `banned_at`) VALUES
(1, 2, '::1', 0, 0, 0, NULL, NULL, NULL),
(2, 2, '192.168.1.21', 0, 0, 0, NULL, NULL, NULL),
(3, 2, '192.168.1.21', 0, 0, 0, NULL, NULL, NULL),
(4, 2, '192.168.1.10', 0, 0, 0, NULL, NULL, NULL),
(5, 2, '192.168.1.10', 0, 0, 0, NULL, NULL, NULL),
(6, 3, '192.168.1.10', 0, 0, 0, NULL, NULL, NULL),
(7, 3, '192.168.1.21', 0, 0, 0, NULL, NULL, NULL),
(8, 2, '192.168.1.17', 0, 0, 0, '2015-06-09 14:37:33', NULL, NULL),
(9, 2, '192.168.1.17', 1, 0, 0, '2015-06-09 14:36:48', NULL, NULL),
(10, 10, '192.168.1.17', 4, 0, 0, '2015-06-10 22:18:56', NULL, NULL),
(11, 10, '192.168.1.17', 1, 0, 0, '2015-06-09 19:02:48', NULL, NULL),
(12, 2, '192.168.1.16', 0, 0, 0, NULL, NULL, NULL),
(13, 28, '192.168.1.16', 0, 0, 0, NULL, NULL, NULL),
(14, 34, '192.168.1.16', 0, 0, 0, NULL, NULL, NULL),
(15, 49, '192.168.1.10', 0, 0, 0, NULL, NULL, NULL),
(16, 49, '192.168.1.17', 0, 0, 0, NULL, NULL, NULL),
(17, 2, '192.168.1.29', 0, 0, 0, NULL, NULL, NULL),
(18, 2, '192.168.1.22', 0, 0, 0, NULL, NULL, NULL),
(19, 57, NULL, 0, 0, 0, NULL, NULL, NULL),
(20, 55, '192.168.1.21', 0, 0, 0, NULL, NULL, NULL),
(21, 55, '192.168.1.22', 0, 0, 0, NULL, NULL, NULL),
(22, 58, NULL, 0, 0, 0, NULL, NULL, NULL),
(23, 60, NULL, 0, 0, 0, NULL, NULL, NULL),
(24, 61, NULL, 0, 0, 0, NULL, NULL, NULL),
(25, 62, NULL, 0, 0, 0, NULL, NULL, NULL),
(26, 63, NULL, 0, 0, 0, NULL, NULL, NULL),
(27, 64, NULL, 0, 0, 0, NULL, NULL, NULL),
(28, 65, NULL, 0, 0, 0, NULL, NULL, NULL),
(29, 66, NULL, 0, 0, 0, NULL, NULL, NULL),
(30, 2, '192.168.1.12', 0, 0, 0, NULL, NULL, NULL),
(31, 2, '192.168.1.34', 0, 0, 0, NULL, NULL, NULL);

-- --------------------------------------------------------

--
-- Estructura de tabla para la tabla `tokens`
--

CREATE TABLE IF NOT EXISTS `tokens` (
`id` int(10) unsigned NOT NULL,
  `user_id` int(10) unsigned NOT NULL,
  `api_token` varchar(96) COLLATE utf8_unicode_ci NOT NULL,
  `expires_on` timestamp NOT NULL DEFAULT '0000-00-00 00:00:00',
  `client` varchar(255) COLLATE utf8_unicode_ci NOT NULL,
  `created_at` timestamp NOT NULL DEFAULT '0000-00-00 00:00:00',
  `updated_at` timestamp NOT NULL DEFAULT '0000-00-00 00:00:00'
) ENGINE=InnoDB AUTO_INCREMENT=20 DEFAULT CHARSET=utf8 COLLATE=utf8_unicode_ci;

--
-- Volcado de datos para la tabla `tokens`
--

INSERT INTO `tokens` (`id`, `user_id`, `api_token`, `expires_on`, `client`, `created_at`, `updated_at`) VALUES
(5, 2, '4e3d66bf14345a67f2379299393f7698b7fbad5a7e5c5ca7a3144653f193ead3', '2015-07-25 21:01:37', '1||||Safari|4|||AndroidOS||||||A|3|1', '2015-06-25 21:01:37', '2015-06-25 21:01:37'),
(6, 2, 'dcde6a17b22a126ede2f2f509cd42298f8d39babf5212977399910f155cfaac9', '2015-07-25 21:02:04', '||1||Chrome||||Win8.1|||||||1|1', '2015-06-25 21:02:04', '2015-06-25 21:02:04'),
(7, 55, '8c96746e2a00575aefa5a8d78194eaa560db54cfb2b16ed94e054aa2179bb562', '2015-07-25 21:04:21', '||1||Chrome||||Win8.1|||||||1|1', '2015-06-25 21:04:21', '2015-06-25 21:04:21'),
(8, 55, '376e75f16dfa632a0bc0384898e87abce3ac4ac3d40b5c42f78ff7ac885aebe1', '2015-07-25 21:07:49', '1||||Safari|4|||AndroidOS||||||A|3|1', '2015-06-25 21:07:49', '2015-06-25 21:07:49'),
(9, 58, '8e055fb7dde5c732cceb8f348f41c6d85be39f568f66f220ba2da73a6eebdf97', '2015-07-26 15:02:16', '||1||Chrome||||Win8.1|||||||1|1', '2015-06-26 15:02:16', '2015-06-26 15:02:16'),
(10, 59, '9f9e5e1da4edc62e72b8fb03a2d137fedf9676d31a5d4418d52005b0514987e5', '2015-07-26 15:15:06', '||1||Chrome||||Win8.1|||||||1|1', '2015-06-26 15:15:06', '2015-06-26 15:15:06'),
(11, 60, '2f7f6d832047109b8668766804c278152d28682f78f4eef657726d58648042c7', '2015-07-26 15:19:07', '||1||Chrome||||Win8.1|||||||1|1', '2015-06-26 15:19:07', '2015-06-26 15:19:07'),
(12, 61, 'bdc82cab8ea4b36ddc5855ce69f947249ba5354ccaf3b1e247ae52460968dba2', '2015-07-26 15:21:03', '||1||Chrome||||Win8.1|||||||1|1', '2015-06-26 15:21:03', '2015-06-26 15:21:03'),
(13, 62, 'd63aa8af2ce5a1cc109c7d130ae0ba2a21a67a23b7f2e1f2fb82d128143bfe48', '2015-08-03 14:52:56', '||1||Chrome||||Win8.1|||||||1|1', '2015-07-03 14:52:56', '2015-07-03 14:52:56'),
(14, 63, '73724ff7f7dc8be1274902f0e0df8370e2da4659a509d2338fc34261213d12e9', '2015-08-14 15:18:56', '||1||Chrome||||Win8.1|||||||1|1', '2015-07-14 15:18:56', '2015-07-14 15:18:56'),
(15, 64, 'e50f13c8fdb6e375e6f0f8dbc6b937d77fe03a619a8084c39c89e2b6443dc104', '2015-08-14 15:21:15', '||1||Chrome||||Win8.1|||||||1|1', '2015-07-14 15:21:15', '2015-07-14 15:21:15'),
(16, 65, '96be2662e66d4ddf2a55c42413b35b819b12f00c1c16dfb13d676bf3972750e8', '2015-08-14 15:28:59', '||1||Chrome||||Win8.1|||||||1|1', '2015-07-14 15:28:59', '2015-07-14 15:28:59'),
(17, 66, 'e1fd3ab6fdf20553c63464110a22a52b49d1c3c8ed98063c61f8a310c89012cb', '2015-08-14 15:52:42', '1||||Safari|4|||AndroidOS||||||A|3|1', '2015-07-14 15:52:42', '2015-07-14 15:52:42'),
(18, 57, 'c2b935f837d9037de424cb1bfeb4a0126b6e8625161982d9531e466173a44b53', '2015-08-17 20:34:02', '||1||Chrome||||Win8.1|||||||1|1', '2015-07-17 20:34:02', '2015-07-17 20:34:02'),
(19, 2, 'b03b690c9dd89d614c87360a5543483e853e642c876d5968f92beaf522386bda', '2015-08-17 20:57:13', '1||||Chrome|4|||AndroidOS||||Android||A|3|1', '2015-07-17 20:57:13', '2015-07-17 20:57:13');

-- --------------------------------------------------------

--
-- Estructura de tabla para la tabla `users`
--

CREATE TABLE IF NOT EXISTS `users` (
`id` int(10) unsigned NOT NULL,
  `tag` varchar(255) COLLATE utf8_unicode_ci NOT NULL,
  `portafolio_id` int(11) NOT NULL,
  `first_name` varchar(255) COLLATE utf8_unicode_ci DEFAULT NULL,
  `last_name` varchar(255) COLLATE utf8_unicode_ci DEFAULT NULL,
  `email` varchar(255) COLLATE utf8_unicode_ci NOT NULL,
  `cedula` varchar(100) COLLATE utf8_unicode_ci NOT NULL,
  `password` varchar(255) COLLATE utf8_unicode_ci NOT NULL,
  `permissions` text COLLATE utf8_unicode_ci,
  `activated` tinyint(1) NOT NULL DEFAULT '0',
  `activation_code` varchar(255) COLLATE utf8_unicode_ci DEFAULT NULL,
  `activated_at` timestamp NULL DEFAULT NULL,
  `last_login` timestamp NULL DEFAULT NULL,
  `persist_code` varchar(255) COLLATE utf8_unicode_ci DEFAULT NULL,
  `reset_password_code` varchar(255) COLLATE utf8_unicode_ci DEFAULT NULL,
  `created_at` timestamp NOT NULL DEFAULT '0000-00-00 00:00:00',
  `updated_at` timestamp NOT NULL DEFAULT '0000-00-00 00:00:00'
) ENGINE=InnoDB AUTO_INCREMENT=67 DEFAULT CHARSET=utf8 COLLATE=utf8_unicode_ci;

--
-- Volcado de datos para la tabla `users`
--

INSERT INTO `users` (`id`, `tag`, `portafolio_id`, `first_name`, `last_name`, `email`, `cedula`, `password`, `permissions`, `activated`, `activation_code`, `activated_at`, `last_login`, `persist_code`, `reset_password_code`, `created_at`, `updated_at`) VALUES
(2, '1491825229', 3, 'Jefferson', 'Rivera', 'jefersonpatino@yahoo.es', '', '$2y$10$0mi.ikAMCUeL5/2/sFSUmei6U82x9uWujVDFOHs/9XzLWjq0OdMza', NULL, 1, NULL, NULL, '2015-07-21 20:46:45', '$2y$10$d/A726fbibAHpO6fCxUkie3KOesGQwK9jdKdjpgJ3JwZpOFtsWCvm', NULL, '2015-06-04 22:31:09', '2015-07-21 20:46:45'),
(3, '5197231978', 0, 'Alberto', 'Gonzales', 'a@b.c', '', '$2y$10$fzRT0VAbOxCKGSkHOTU25ehjpuhxpCcMUA/5TfdStLhko9Le3z.Jy', NULL, 1, NULL, NULL, '2015-06-25 19:36:29', '$2y$10$dvABZy9rBdfm3RpE1dg1S./QSN3X1SDJANhzvoBtEaeQeN1HXq9g2', NULL, '2015-06-04 21:35:20', '2015-06-25 19:36:29'),
(10, '', 0, 'Angie', 'Diaz Galeano', 'riverajefer@gmail.com', '1032461591', '$2y$10$N5A9AZtdb66paxaMoMlORuH0Cs2WoLp0ih1wP/.GQibQdruMEJjJ2', NULL, 1, NULL, NULL, '2015-06-05 16:47:21', '$2y$10$Vlix.VNi7O0qVkXvEwfu2eQCilVvAWd.Dg/MutXAXy1dK6hsjO8uW', NULL, '2015-06-05 16:47:21', '2015-06-05 16:47:21'),
(11, '', 0, 'juan', 'gomez', 'jg@gg.com', '1239', '$2y$10$PbS4CG358pGXbsFwxycoW.VMasa7SlRV2Bb8o5GGTOdS7gArd2hle', NULL, 1, NULL, NULL, '2015-06-05 19:59:32', '$2y$10$Q.4dyKGCtejp3vFmC6.ZEOJb64GgWbfKcJbSQNCy28tZlJ1a3FnNW', NULL, '2015-06-05 19:59:32', '2015-06-05 19:59:32'),
(12, '', 0, 'dfdf', 'dfdf', 'admin@opiniofy.com', '34344', '$2y$10$DOuuXDtU0ZeT3jDyH/PTxuHFxcQebgwM..LZRHNP/nPwd35UWO7qm', NULL, 1, NULL, NULL, '2015-06-05 21:14:19', '$2y$10$axMsUW7USZdkt.i9iP/thuDSCmme2T0qIC7e3F0rjMrc1n/.LXclu', NULL, '2015-06-05 21:14:19', '2015-06-05 21:14:19'),
(13, '', 0, 'ghcn', 'gbbv', 'hjg@ghhg.vg', '123654', '$2y$10$Xg1eHXl4snSjuOWqVRpoXeACU4ki8.ZAd29qkvxocrh9up/H0GcJm', NULL, 1, NULL, NULL, '2015-06-05 21:18:10', '$2y$10$ADunPgRbfaLqaAWthZaZyeiXca3xAJhzPQ4djLqYuV9pbSfUF72Di', NULL, '2015-06-05 21:18:10', '2015-06-05 21:18:10'),
(14, '', 0, 'Angie', 'Diaz Galeano', 'admin@opiniofy.coma', '3232323', '$2y$10$Wtc93XZ8DLTVrokwssB9KuHhAgRklPMEtUTXfmscwP6JnUimNAgbG', NULL, 1, NULL, NULL, '2015-06-05 21:55:52', '$2y$10$3l4yYYW1UEUZiw/NBVGez.rg5e.dPXpJMDVGjXNthrYJmGZbr4JVG', NULL, '2015-06-05 21:55:51', '2015-06-05 21:55:52'),
(15, '', 0, 'gjg', 'ghjj', 'gjg@ghj.com', '55878', '$2y$10$536z6kDybIR6YopJP5Ws3O41.a6fj4wWsPW5n1hyb3KNqtnJjat/O', NULL, 1, NULL, NULL, '2015-06-05 22:31:56', '$2y$10$qZYVuKNrCxlJSXEfWIJ0Z.STaFjRRNc7EStTwuESPRVKhuEeuscI2', NULL, '2015-06-05 22:31:55', '2015-06-05 22:31:56'),
(16, '', 0, 'Angie', 'Diaz Galeano', 'riverajefer3@gmail.com', '1032461591', '$2y$10$fLI9JFk.XR91ZRw0uaNBn.IYnUexmmRxrmyy2M/VzlhrPB/Kjvv.e', NULL, 1, NULL, NULL, '2015-06-09 15:20:48', '$2y$10$lu7IfTqrIkblppnEPjqWB.5Egt.bFbwir/Ofcas9a3LTa2Tmdokfq', NULL, '2015-06-09 15:20:48', '2015-06-09 15:20:48'),
(17, '', 0, 'vjg', 'gjgg', 'cjh@gh.g', '5688988', '$2y$10$OndOJ92Srpa2My7BZ2laZ./75XluzXwW9yJe5eNu.tMWZWaJkzSe.', NULL, 1, NULL, NULL, '2015-06-09 18:48:07', '$2y$10$XPJpnn4gyNDTINHUETH4cuHvHQT6flW8lV7Vuc0Q1Mk7SqtQIdKgK', NULL, '2015-06-09 18:48:07', '2015-06-09 18:48:07'),
(18, '', 0, 'Jose', 'Ruiz', 'jruiz@gmail.com', '9988774', '$2y$10$zUmvAaqEW5menaNNwHtGhOp.fUrvG32q./ohgYU6w24GsladPr.8i', NULL, 1, NULL, NULL, '2015-06-09 19:14:00', '$2y$10$LRaPLEcFjzaScubbg4T0HOnctV/Ri0bqupAwc9fiqkqG0fc5ihyCa', NULL, '2015-06-09 19:13:59', '2015-06-09 19:14:00'),
(19, '', 0, 'Angie', 'Diaz Galeano', 'riverajefer@gmail.come', '1032461591', '$2y$10$WyyWHrAcXN1e4QrsT41RjemOjOIfrRfOQKyy8gGhgcERNzuc8w.Wq', NULL, 1, NULL, NULL, '2015-06-09 23:12:44', '$2y$10$hg0NC6WbUvDLvr.dtIG3recgpq/ypemnhgCn9kW.MT2gwCpCnR88.', NULL, '2015-06-09 23:12:43', '2015-06-09 23:12:44'),
(20, '', 0, 'Jose', 'Lopez', 'jefersonpatino@yahoo.es2', '1032461591', '$2y$10$SIK6JrhxXC.rgNDgMYB0NuTU538mXVm889gE7QPTCVxfX/3vef5eq', NULL, 1, NULL, NULL, '2015-06-09 23:14:53', '$2y$10$Hqt573zNM9ikPZLuhg5EDu.K7Ky6mIlFLxYJe9C0zGV/5VLlzwVDu', NULL, '2015-06-09 23:14:52', '2015-06-09 23:14:53'),
(21, '', 2, 'Jose', 'Gomez', 'riverajefer@gmail.com.co', '1032461591', '$2y$10$qKxG3wnraRLK1efPBjXsOOo03RV099Eivp5AQ.TBIOl8nSFE1lzUa', NULL, 1, NULL, NULL, '2015-06-09 23:16:16', '$2y$10$FVS9orcGPEckCQxmSsTAjeWerKguEaXD.eMsT0q/RJRdEayuhKzoO', NULL, '2015-06-09 23:16:16', '2015-06-09 23:16:37'),
(22, '', 2, 'Juan', 'Ruiz', 'a@b.d', '123688488', '$2y$10$rEsxIRkGAMSt/Rmam2CIdeHM6e.Mtp8MCJyuw/GRqC3PZeNwDYK6G', NULL, 1, NULL, NULL, '2015-06-09 23:32:34', '$2y$10$KVB5lOsVtMuK6g465mw83.Ea.7czBUVjdDL8erCGDS2g07wB4gQO2', NULL, '2015-06-09 23:32:34', '2015-06-09 23:32:43'),
(23, '1234567898', 4, 'Angie', 'Diaz Galeano', 'riverajefer@gmail.com6', '4545454', '$2y$10$yH2vDMn3sx.DYHdkznB6se9cN9s/alFAU12DTunUdl0zLWyqaAqfW', NULL, 1, NULL, NULL, '2015-06-10 14:45:36', '$2y$10$CWpDivpWjubNlcQVUHrCkeBPdTQBRVcu.6AO/YAkyXfT.DDtQg3lu', NULL, '2015-06-10 14:45:36', '2015-06-10 15:30:58'),
(24, '123456789', 3, 'Jhon', 'Doe', 'doe@gmail.com', '123456789', '$2y$10$6mVna4lHGbgEWXsJC6VAjuphFynBy3yo5oxowboAG.UEBAFOfWQU2', NULL, 1, NULL, NULL, '2015-06-10 15:31:59', '$2y$10$/F4Jt1AWRLP/I7h2blAIheFzSMfzDgbONb8fN656Cf0ZGw.qFU8m6', NULL, '2015-06-10 15:31:58', '2015-06-10 15:32:09'),
(25, '123456', 3, 'Jhon', 'Doe', 'jhon@yahoo.es', '123456789', '$2y$10$aEJC8ZI3c4pAJHyqp993tePBpeHPmww/XaXLm/VvJ91sZXRmS7qo6', NULL, 1, NULL, NULL, '2015-06-10 15:36:23', '$2y$10$AL692TYLqDkSczSKV02jS.UgpxXZRjHZ5sghNZl1y05yxKyzGEFby', NULL, '2015-06-10 15:36:22', '2015-06-10 15:36:35'),
(26, '1234567898222', 1, 'Angie', 'Diaz Galeano', 'riverajefer@gmail.comsa', '2121212121', '$2y$10$KPIHXOwVWFWNG2ZfT3XsH.So.jRlw4rKnRzwwYEMeLMsim4IiXICK', NULL, 1, NULL, NULL, '2015-06-10 15:38:44', '$2y$10$z5pDLi/D0Ua2wpJokanzLu6BRizrbxNji9PRqUSsmLfFKtqvlkmlW', NULL, '2015-06-10 15:38:43', '2015-06-10 15:51:35'),
(27, '1234567891', 1, 'Angie', 'Diaz Galeano', 'riverajefer@gmail.comw', '21545134', '$2y$10$t.HPvCIexk7qh7ndJoyFdO7pbVbF5sZEmvUbFS1286rMzdxdp92R6', NULL, 1, NULL, NULL, '2015-06-10 15:52:54', '$2y$10$/UhJIwQ/vnwP6k2lTcpbDOIeaZwxUWaeT6.qoXOnYmYowH7qpJL.G', NULL, '2015-06-10 15:52:54', '2015-06-10 15:59:49'),
(30, '', 0, 'Jhon', 'Doe', 'jd@yahoo.es', '123654', '$2y$10$D.ZMvG9tvvj2ZqkyBmJZbOrG0X2Ly7iY.8Ty5n4/WAw/6MZqIecyW', NULL, 1, NULL, NULL, '2015-06-10 20:58:48', '$2y$10$wrxxLUpJpWtMeNg1hXk/lexG5acCKGL/nZLK/2UqZk82VoUTn6Mxi', NULL, '2015-06-10 20:58:48', '2015-06-10 20:58:48'),
(31, '', 0, 'Angie', 'Diaz Galeano', 'riverajefer@gmail.comww', '1032461591', '$2y$10$pv1XswjEpE/Olh7GILR1V.Sn3T0CrtzMmkn1uGFcib1s8x/d4i3jW', NULL, 1, NULL, NULL, '2015-06-10 21:01:01', '$2y$10$9pQGAbT8aAZqBUxawORPAO5OdTCzOqcFVW/OVtaKkh2.5gjmxKpKq', NULL, '2015-06-10 21:01:01', '2015-06-10 21:01:01'),
(32, '245545454', 3, 'Angie', 'Diaz Galeano', 'riverajefer@gmail.comq', '1032461591', '$2y$10$z4rs1WP4DD.BRI10fAPwuO1i9uyDMzLuDSYy6dmLLR2kky8/45hCe', NULL, 1, NULL, NULL, '2015-06-10 21:02:27', '$2y$10$lBscZBIvAsTSps66zhyDTuWcNJ8yhjcR5eStdh6bWl35j4A4V50sy', NULL, '2015-06-10 21:02:26', '2015-06-10 21:02:36'),
(33, '12236557', 2, 'Lucas', 'Perez', 'hfg@ghg.hh', '1236874', '$2y$10$vvN8.ZiCnlJFg1dWTGXjl.GAL0oV4krHS.ijhjz2CVHkdD9FjDo1a', NULL, 1, NULL, NULL, '2015-06-10 21:04:13', '$2y$10$wHkwWzIkM9FNJnNOhExezOcVfjIVduDTAXJOoUD6bOE1AuzLFGKgK', NULL, '2015-06-10 21:04:13', '2015-06-10 21:04:31'),
(36, '1234567890', 0, 'Angie', 'Diaz Galeano', 'riverajefer@gmail.comwewewe', '1032461591', '$2y$10$OhAU4n6PFf/OMV2QOVQJcugHJy3Zz9d5OxEFe9YLn22lqF3M/Ix8O', NULL, 1, NULL, NULL, '2015-06-10 21:42:23', '$2y$10$spSoOUPyR8E.Fpjojn8dnu5W3E1DFZMcEdTdY1ZoHpWGcTnW7LQjS', NULL, '2015-06-10 21:42:23', '2015-06-10 21:42:40'),
(37, '123478', 3, 'Angie', 'Diaz Galeano', 'riverajefer@gmail.comqqqqq', '12121212', '$2y$10$Pak8zBI65Y.ifzjL2lLXL.zpbpoKhvyVrTWRkbZrKhGO609Siwucm', NULL, 1, NULL, NULL, '2015-06-10 21:43:58', '$2y$10$FODZmE6dBJulJU.VvqyEq.fEwyUQn20Qjszpf7HhV5Y0E.g1Y3t8O', NULL, '2015-06-10 21:43:58', '2015-06-10 21:44:07'),
(38, '123423232323', 2, 'Lucas', 'Perez', 'kkjsd@asas.com', '1726712162', '$2y$10$KXeTO3Ga0/sX7KmFhvjBqebj4l7AIrVBDJEVAGxYzl5KgRv3WdDM6', NULL, 1, NULL, NULL, '2015-06-10 22:04:30', '$2y$10$Ubukl1zmM5RKLaCEpmDak.zicjt63Pw2B.V2hL8boWZ8yvcNMoWIu', NULL, '2015-06-10 22:04:30', '2015-06-10 22:04:39'),
(39, '123455432456', 1, 'Angie', 'Diaz Galeano', 'riverajefer@gmail.comrr', '1032461591', '$2y$10$98r4EhNfMs1KgWMlggF0zeBMpk6nnEI4mmOSH5IwAIsoRBCIVNWa2', NULL, 1, NULL, NULL, '2015-06-11 15:14:49', '$2y$10$./MNHzPvBNyjxP8QjUFbWeTZZoTEqcI1.puiON0ciaevEIaFzKT6O', NULL, '2015-06-11 15:14:48', '2015-06-11 15:16:09'),
(40, '485542', 0, 'gjhg', 'bhgg', 'bbv@gh.gf', '55555', '$2y$10$0kjrlT4s7rTvCEbG./9wbuUx1f08sQ7iZg2f1J3jmDsblxm9AUwKG', NULL, 1, NULL, NULL, '2015-06-11 15:18:59', '$2y$10$Snrhis1shZto87BNSXxfP.jSORzS.hHXVpfETXTtqiPmLY6VYnRRK', NULL, '2015-06-11 15:18:58', '2015-06-11 15:19:03'),
(41, '9999999', 0, 'cbbvg', 'cbvc', 'vjh@ghh.hf', '17584', '$2y$10$Lq0hCFcm/0mKZd1ibFsg1uHer5uvVz7chXX/KdXDqN/DJ6gM3./7C', NULL, 1, NULL, NULL, '2015-06-11 15:21:30', '$2y$10$ejDWpKxM0Te3FqhrcB.q3.IrPQ6vDb3QrXAHlHoJlRWAotQ0H0luK', NULL, '2015-06-11 15:21:30', '2015-06-11 15:21:34'),
(42, '4545454545', 0, 'Angie', 'Diaz Galeano', 'riverajefer@gmail.cossm', '1032461591', '$2y$10$NYofjUlsM/vCxpXfXoVx4en/ADHiKVhp9OkHRXq.1vAj.YrqeXO4G', NULL, 1, NULL, NULL, '2015-06-11 15:34:20', '$2y$10$.zJkL8rhnrAQAr.FqXqeWO1PxD3mH1s4FP4ZXLQeUzbowBkU7kp1S', NULL, '2015-06-11 15:34:20', '2015-06-11 15:34:24'),
(43, '34343434', 1, 'Angie', 'Diaz Galeano', 'riverajefer@gmail.comeee', '1032461591', '$2y$10$TKhcUzLbbK9kMev353g.weHczIspHsoUZw5egMsyQwwPdKaMjr6Y6', NULL, 1, NULL, NULL, '2015-06-11 15:48:24', '$2y$10$0DkZwgF.s2UnkkS2EF5UzOOBYxrmyb9XfHjx0cA/7n/SeVWHtFOjm', NULL, '2015-06-11 15:48:24', '2015-06-11 16:53:47'),
(44, '545545444', 2, 'fhgff', 'gjgg', 'gh@gh.g', '455444', '$2y$10$YgOwtY71i7FPr7j7TycOzOhv11X7ymKoSsAMnyq/sOZc86wS479Li', NULL, 1, NULL, NULL, '2015-06-11 15:59:17', '$2y$10$2pQTvbkQGOnrVU9PQuzSj..IgwfNx4ctQ1MHh6Jkp07ztoDpVT1qi', NULL, '2015-06-11 15:59:17', '2015-06-11 16:03:00'),
(45, '1212121212', 2, 'sdsd', 'Diaz Galeano', 'riverajefer@gmddfail.com', '1032461591', '$2y$10$rGW36Ec02kP2Mday6Jsdk.VU8Si5W4HDGN4BNbLxNa7xOSk42HzD6', NULL, 1, NULL, NULL, '2015-06-11 17:33:18', '$2y$10$buSR.V.xot.9POpUHBn0jeALBLAzuj.X7CIMk6KJPPcIiNdfBBEpe', NULL, '2015-06-11 17:33:17', '2015-06-11 17:33:29'),
(46, '12345874', 4, 'Angie', 'Diaz Galeano', 'riverajefer@gmail.comp', '1032461591', '$2y$10$akhAUQhOcNob1fEkFlYqluuk.fcN4a3lt2B/2ATD9X8rXWKUDGld.', NULL, 1, NULL, NULL, '2015-06-16 16:04:25', '$2y$10$X8dXXuCT9e/WCEZKNM.pG.vTuLFpSvgQ.vAhP0KzaSZ1MTdUeRJL.', NULL, '2015-06-16 16:04:24', '2015-06-16 16:04:38'),
(47, '8554668', 3, 'Lucas', 'Gomez', 'lucas@gmail.com', '1158454587', '$2y$10$AxIurdPeUuCYgmhbLGvkou3QsF7qSrTZwXGuL6hDPAfK2DwIC25yi', NULL, 1, NULL, NULL, '2015-06-16 17:09:52', '$2y$10$8hOLNOPdLwGKT5tRFbWbbesw10afBCnezOeoGTapusdU4m6rEYhua', NULL, '2015-06-16 17:09:52', '2015-06-16 17:09:59'),
(49, '2112430212', 4, 'Luis', 'Iregui', 'la.iregui@gmail.com', '80196707', '$2y$10$/fQVO/XT1OoO/HOtotWw3u5eT2N5gEOw4u.34QaDG8CADm1nYWfBO', NULL, 1, NULL, NULL, '2015-06-17 20:12:04', '$2y$10$JWOW13uY.xPHH15vtGmrv.ctnmQDLNarMvAWQYyj91yBhb5FTDLla', NULL, '2015-06-17 20:00:59', '2015-06-17 20:12:04'),
(50, '99951235', 4, 'Rodrigo', 'Lopez', 'rlopez@gmail.com', '1236877', '$2y$10$KU.lSAlszyyzxlMQ.QSfLelOD7f7URTHLlNQEPemzZ2kL8Kgf9osK', NULL, 1, NULL, NULL, '2015-06-18 20:16:06', '$2y$10$lJOZSJWYIme5poDAGtjOweD95Ay7ZV928PO3ohpmHBTJqzxv6xxay', NULL, '2015-06-18 20:16:06', '2015-06-18 20:16:26'),
(51, '', 0, 'Dario', 'Laguado', 'dariolaguado@gmail.com', '80083899', '$2y$10$pw4H7WKwKMJUBpR7sI9LeOnh7mflUx9AXDZOjnpUJ0GP8xYIbLAXK', NULL, 1, NULL, NULL, '2015-06-18 22:24:07', '$2y$10$lygkwI0pmcC0fguGDMAYl.eGaY4.JHNFgKR5KVCFMf673BNqHSQpG', NULL, '2015-06-18 22:24:07', '2015-06-18 22:24:07'),
(52, '1364171145', 1, 'dario', 'laguado', 'a@a.com', '80083899', '$2y$10$s5Pnwg4iebVuqVd/2.VoOOpN8Gmo61UBMwcOLu9nhX50F/VuqOsaO', NULL, 1, NULL, NULL, '2015-06-18 22:25:46', '$2y$10$iED.9/6oDq8BqsOx/kc09Og4akR6fA/N0hboQ36R5Vz2Z5LXieOke', NULL, '2015-06-18 22:25:45', '2015-06-18 22:26:03'),
(53, '121123121212', 4, 'Angie', 'Diaz Galeano', 'riverajeferw@gmail.comqqqqq', '1032461591', '$2y$10$aIqljB.c.sTrKmxY.Br7Tu0OuWokiRz0RyPVHU3wQ5FccokeNr5Rm', NULL, 1, NULL, NULL, '2015-06-18 22:32:21', '$2y$10$hIw3QSAAnnTYyLyBYir26eSC2wKWmxypNBaIS8KMyF6fMUrfU6zaq', NULL, '2015-06-18 22:32:21', '2015-06-18 22:32:31'),
(54, '854874', 1, 'Angie', 'Diaz Galeano', 'jefersonpatino@yahoo.esa', '1032461591', '$2y$10$bRPbV85ciG.XHaRPzASWCeG5kLIfI0bHdpH3B8tUEy6pGjEzrdHYO', NULL, 1, NULL, NULL, '2015-06-19 16:27:28', '$2y$10$qbgZ9tNf9yjJzcy1fGIpJOBECud2A06y4dtVe0HB0IVO4irh99L12', NULL, '2015-06-19 16:27:28', '2015-06-19 16:27:33'),
(55, '5197231970', 3, 'Pedro', 'Lopez', 'plopez@yahoo.es', '1032461591', '$2y$10$f947hRiY1VtqHRYvALHnxOcgP3oMzaYEOFzIDTTH50zuN5JW.WJMW', NULL, 1, NULL, NULL, '2015-06-25 21:09:55', '$2y$10$Y2akW9Q5zErn9vIPr473SOMbZBOgMok48A8SibhDPZPj0Sq5X5COq', NULL, '2015-06-19 16:38:22', '2015-06-25 21:09:55'),
(56, '123454', 2, 'Antonio', 'Lopez', 'alopez@yahoo.es', '1032461589', '$2y$10$6qjW9nK6eqwoV8U3Ig.fKePYD9QxzVHXauHFrDlkN.Sl7l4K5Ndw2', NULL, 1, NULL, NULL, '2015-06-22 20:34:02', '$2y$10$jACYGg0ckSmRYBUjH1np6uYW8Sa4iR8mFp9HrQUzGqVvqPfzzkk4S', NULL, '2015-06-22 20:34:02', '2015-06-22 20:34:21'),
(57, '3434343434', 3, 'Alejandra', 'Lopez', 'alejalopez@yahoo.es', '1032461591', '$2y$10$pXCq5S26elymr9ckPhayEepm1PksbEJfOu2iBlDooTNd12javbS.q', NULL, 1, NULL, NULL, '2015-07-17 20:34:02', '$2y$10$FRvsrvx/Jly9qlu/QPMS7.st40jJRNIe4o8Yy5S4eSJgxiHBHjWiC', NULL, '2015-06-22 20:36:15', '2015-07-17 20:34:02'),
(58, '51972319721', 2, 'Mario', 'Gonzales', 'mg@yahoo.es', '1032461591', '$2y$10$TwutiSzVXOOr7sdlPqKKMeNOSe1JNoudqbnZ18a7vQ82LjbEjbeW6', NULL, 1, NULL, NULL, '2015-06-26 15:14:35', '$2y$10$Q1/lUPWSzhkOw7O.Ww3s4eI/HDhMA0odUKEfD/I0nc3x.S6P084PS', NULL, '2015-06-26 15:02:16', '2015-06-26 15:14:35'),
(59, '', 0, 'Angie', 'Diaz Galeano', 'riverajefer@gmail.comsss', '1032461591', '$2y$10$1Zy3.lbnYqc/3n9xi3fKM.G03shM752rNCg/lUCcT7/7hGiaZDT1K', NULL, 1, NULL, NULL, '2015-06-26 15:15:06', '$2y$10$jIA16qrMluuEpv5LdS1p4Ou1DxVsmCMOpq0dyVQALcf6mbYO4kGGK', NULL, '2015-06-26 15:15:06', '2015-06-26 15:15:06'),
(60, '787893216819', 3, 'Angie', 'Diaz Galeano', 'riverajefer@gmail.comecvg', '1032461591', '$2y$10$87FzSUAEprEmUxUkY6fgHOYdr7gu9OqX46Hjl7tf6GXgxKHWcBdDG', NULL, 1, NULL, NULL, '2015-06-26 15:20:22', '$2y$10$q1OZSDdsr1wGz9/1cQb9..hUHH0SC1minpDfilx3H1U.a7dUxgGPu', NULL, '2015-06-26 15:19:06', '2015-06-26 15:20:22'),
(61, '519723197', 3, 'Jose', 'Morales', 'jmorales@yahoo.es', '2854158674', '$2y$10$cg26tHPqphqgkUwy99XJ8e0ag012mz5KxZgZs9VvDIW1Piu2GBQ1K', NULL, 1, NULL, NULL, '2015-06-26 16:25:26', '$2y$10$BDdkR1RKID9cGEGBbUUcEOjKgf86sCkQ3V5R3yB2h3SHylgoPDYPi', NULL, '2015-06-26 15:21:03', '2015-06-26 16:25:26'),
(62, '8787455421254', 2, 'Lucas', 'Barrios', 'lbariios@yahoo.es', '121454854', '$2y$10$ZuGrfhhF25KW.Dj53jaPyOepqykpHyQWSUJ8LBQZnO4Dm9jMQjnRO', NULL, 1, NULL, NULL, '2015-07-03 15:58:51', '$2y$10$niEBoYiJkMC/7yYHXTN.2.8YLHqpZRihaAUl0p3I6fzEqP/riZVMC', NULL, '2015-07-03 14:52:56', '2015-07-03 15:58:51'),
(63, '', 0, 'Angie', 'Lopez', 'riverajeferopo@gmail.com', '1231541', '$2y$10$7WwAoxl/xIhAjvTYwWRokOoS0TrAcX46NMJMaXX.jGS0f2hIigF/6', NULL, 1, NULL, NULL, '2015-07-14 15:20:15', '$2y$10$9jVJXHtbm7pluFnro3wmTeYNeoMFV6BlfAoxfJv57yj.VlBNSv//.', NULL, '2015-07-14 15:18:56', '2015-07-14 15:20:15'),
(64, '87871546', 3, 'Angie', 'sdsdsd', 'sdsds@sdsd.c', '34343434', '$2y$10$opczn4prYUqbKX2bnHc6Y.fyN/qI5EM0Nz34zuZGUe57U0neBqfCy', NULL, 1, NULL, NULL, '2015-07-14 15:25:22', '$2y$10$bT8AZpnSZq2xgdQCuej/he6Ws0KWZq17BLNJaIy3q.83f7Szv0pcu', NULL, '2015-07-14 15:21:15', '2015-07-14 15:25:22'),
(65, '7877878', 4, 'Angie', 'jshdjshd', 'sdskjdj@sdjhsjd.eer', '365454', '$2y$10$inLMqwut0Ofso/zZxVXP3eFuTpX2OC.eQAAImlTcoHCPBminSUCRi', NULL, 1, NULL, NULL, '2015-07-14 15:31:05', '$2y$10$aDNrMJwiAfKFGyNRMJvkdu2.MIexWb1IHlpXNfITd5mD0JyXmi9cy', NULL, '2015-07-14 15:28:59', '2015-07-14 15:31:05'),
(66, '4554558088855', 2, 'gjh', 'vbvh', 'ghg@gjj.f', '55544', '$2y$10$GZ4g1xIzYte2uwbcCo2mG.ktt.XE89cRf6kQTLtK1DI1XLXSjYB6m', NULL, 1, NULL, NULL, '2015-07-14 15:53:31', '$2y$10$Tyig/3c4VRE6Pkcv10xPOu1voxU0bzGFzdJaQhO4GmgJ4x5/YDPNC', NULL, '2015-07-14 15:52:42', '2015-07-14 15:53:31');

-- --------------------------------------------------------

--
-- Estructura de tabla para la tabla `users_groups`
--

CREATE TABLE IF NOT EXISTS `users_groups` (
  `user_id` int(10) unsigned NOT NULL,
  `group_id` int(10) unsigned NOT NULL
) ENGINE=InnoDB DEFAULT CHARSET=utf8 COLLATE=utf8_unicode_ci;

--
-- Volcado de datos para la tabla `users_groups`
--

INSERT INTO `users_groups` (`user_id`, `group_id`) VALUES
(2, 1),
(3, 1);

-- --------------------------------------------------------

--
-- Estructura de tabla para la tabla `users_porcentaje`
--

CREATE TABLE IF NOT EXISTS `users_porcentaje` (
`id` int(10) unsigned NOT NULL,
  `user_id` int(11) NOT NULL,
  `valor` float NOT NULL,
  `created_at` timestamp NOT NULL DEFAULT '0000-00-00 00:00:00',
  `updated_at` timestamp NOT NULL DEFAULT '0000-00-00 00:00:00'
) ENGINE=InnoDB AUTO_INCREMENT=2 DEFAULT CHARSET=utf8 COLLATE=utf8_unicode_ci;

--
-- Volcado de datos para la tabla `users_porcentaje`
--

INSERT INTO `users_porcentaje` (`id`, `user_id`, `valor`, `created_at`, `updated_at`) VALUES
(1, 2, 0.05, '0000-00-00 00:00:00', '0000-00-00 00:00:00');

--
-- Índices para tablas volcadas
--

--
-- Indices de la tabla `ahorro`
--
ALTER TABLE `ahorro`
 ADD PRIMARY KEY (`id`);

--
-- Indices de la tabla `alcancias`
--
ALTER TABLE `alcancias`
 ADD PRIMARY KEY (`id`), ADD UNIQUE KEY `alcancias_email_unique` (`email`);

--
-- Indices de la tabla `groups`
--
ALTER TABLE `groups`
 ADD PRIMARY KEY (`id`), ADD UNIQUE KEY `groups_name_unique` (`name`);

--
-- Indices de la tabla `porcentaje_general`
--
ALTER TABLE `porcentaje_general`
 ADD PRIMARY KEY (`id`);

--
-- Indices de la tabla `portafolios`
--
ALTER TABLE `portafolios`
 ADD PRIMARY KEY (`id`);

--
-- Indices de la tabla `rentabilidad`
--
ALTER TABLE `rentabilidad`
 ADD PRIMARY KEY (`id`);

--
-- Indices de la tabla `throttle`
--
ALTER TABLE `throttle`
 ADD PRIMARY KEY (`id`), ADD KEY `throttle_user_id_index` (`user_id`);

--
-- Indices de la tabla `tokens`
--
ALTER TABLE `tokens`
 ADD PRIMARY KEY (`id`);

--
-- Indices de la tabla `users`
--
ALTER TABLE `users`
 ADD PRIMARY KEY (`id`), ADD UNIQUE KEY `users_email_unique` (`email`), ADD KEY `users_activation_code_index` (`activation_code`), ADD KEY `users_reset_password_code_index` (`reset_password_code`);

--
-- Indices de la tabla `users_groups`
--
ALTER TABLE `users_groups`
 ADD PRIMARY KEY (`user_id`,`group_id`);

--
-- Indices de la tabla `users_porcentaje`
--
ALTER TABLE `users_porcentaje`
 ADD PRIMARY KEY (`id`);

--
-- AUTO_INCREMENT de las tablas volcadas
--

--
-- AUTO_INCREMENT de la tabla `ahorro`
--
ALTER TABLE `ahorro`
MODIFY `id` int(10) unsigned NOT NULL AUTO_INCREMENT,AUTO_INCREMENT=682;
--
-- AUTO_INCREMENT de la tabla `alcancias`
--
ALTER TABLE `alcancias`
MODIFY `id` int(10) unsigned NOT NULL AUTO_INCREMENT,AUTO_INCREMENT=3;
--
-- AUTO_INCREMENT de la tabla `groups`
--
ALTER TABLE `groups`
MODIFY `id` int(10) unsigned NOT NULL AUTO_INCREMENT,AUTO_INCREMENT=2;
--
-- AUTO_INCREMENT de la tabla `porcentaje_general`
--
ALTER TABLE `porcentaje_general`
MODIFY `id` int(10) unsigned NOT NULL AUTO_INCREMENT,AUTO_INCREMENT=2;
--
-- AUTO_INCREMENT de la tabla `portafolios`
--
ALTER TABLE `portafolios`
MODIFY `id` int(10) unsigned NOT NULL AUTO_INCREMENT,AUTO_INCREMENT=5;
--
-- AUTO_INCREMENT de la tabla `rentabilidad`
--
ALTER TABLE `rentabilidad`
MODIFY `id` int(10) unsigned NOT NULL AUTO_INCREMENT,AUTO_INCREMENT=397;
--
-- AUTO_INCREMENT de la tabla `throttle`
--
ALTER TABLE `throttle`
MODIFY `id` int(10) unsigned NOT NULL AUTO_INCREMENT,AUTO_INCREMENT=32;
--
-- AUTO_INCREMENT de la tabla `tokens`
--
ALTER TABLE `tokens`
MODIFY `id` int(10) unsigned NOT NULL AUTO_INCREMENT,AUTO_INCREMENT=20;
--
-- AUTO_INCREMENT de la tabla `users`
--
ALTER TABLE `users`
MODIFY `id` int(10) unsigned NOT NULL AUTO_INCREMENT,AUTO_INCREMENT=67;
--
-- AUTO_INCREMENT de la tabla `users_porcentaje`
--
ALTER TABLE `users_porcentaje`
MODIFY `id` int(10) unsigned NOT NULL AUTO_INCREMENT,AUTO_INCREMENT=2;
/*!40101 SET CHARACTER_SET_CLIENT=@OLD_CHARACTER_SET_CLIENT */;
/*!40101 SET CHARACTER_SET_RESULTS=@OLD_CHARACTER_SET_RESULTS */;
/*!40101 SET COLLATION_CONNECTION=@OLD_COLLATION_CONNECTION */;
